student_ID,平均正确率变化,平均用时变化,整体正确率,总答题数,进步类型
0088dc183f73c83f763e,0.834,0.058,0.353,215,进步
00cbf05221bb479e66c3,0.23,0.715,0.24,240,进步
00df647ee4bf7173642f,1.363,1.978,0.144,478,进步
0107f72b66cbd1a0926d,0.396,-0.004,0.331,119,进步
011d454f199c123d44ad,,0.037,0.268,204,
01558eef77a8d39b7103,inf,2.2,0.386,145,进步
016226278e6a69e10aa4,1.106,0.106,0.302,253,进步
01a691413dc5897db83f,,0.231,0.186,543,
01d8aa21ef476b66c573,0.521,0.033,0.304,182,进步
01qkq6w2v62cimidb3b7,,4.855,0.207,126,
02068067a434adb6556a,,,0.0,4,
0258f681a9e1756dfc76,1.533,0.675,0.286,489,进步
03754dce5ec7731fb3e2,0.401,0.43,0.386,246,进步
037a76bc8e6bf5fe1fc0,,,0.927,41,
03aa0b20dd4af1888eef,,-0.017,0.266,253,
03b463f52c0fff35433b,0.273,1.91,0.595,72,进步
03e0c9bff3a9557480d9,,0.24,0.235,130,
04f2689b4ea16d8d7d9a,,0.491,0.09,607,
0557b1363a5092b5811f,0.43,0.848,0.159,500,进步
0559e9cf806dab4cc20d,inf,1.792,0.143,290,进步
056ab41140f68c15db14,1.62,1.337,0.349,262,进步
058c03d945c4ae0978a0,,0.003,0.573,87,
05e1c3ce1728da7e37e0,inf,0.057,0.124,151,进步
05e6d9723ab3cde0841d,0.414,0.819,0.084,599,进步
061db2c91f94c612f2d4,-0.062,0.023,0.689,64,稳定
06309f4c8785254f4c13,1.044,-0.038,0.448,79,进步
06aff3e28c5db152f506,0.308,-0.007,0.508,139,进步
071685b292483b04e836,0.229,0.02,0.573,82,进步
074d7f43de7264306775,,-0.024,0.233,212,
077d5c82c9ee5019220f,1.332,-0.029,0.479,138,进步
07e3362d20ff4337671b,0.315,0.145,0.463,118,进步
091554ffa26fc9b17c36,0.367,0.833,0.542,75,进步
09400a9b50b6c96c5510,0.803,2.603,0.486,172,进步
098b2c66cbc1ed736e14,0.039,-0.02,0.346,136,稳定
0999173c045ee29a0b44,,0.404,0.357,140,
09dfa3f18e48917f0242,1.482,0.488,0.356,347,进步
09e4bfadd7e012c37c7c,,2.059,0.4,142,
0a7f1a73361654329281,,1.309,0.375,122,
0a8736f6520cea837d94,,0.037,0.204,312,
0b02f701b1179f9f74f9,0.161,0.256,0.342,160,进步
0b16d35f1f39a063708a,0.877,3.081,0.174,400,进步
0b28c0a454678b75eefb,0.318,0.155,0.685,83,进步
0b307ee95b41e222f204,0.17,3.352,0.422,166,进步
0b828e1ae026c57b34dd,-0.041,2.567,0.469,88,稳定
0b8bea274b24847526b7,0.494,-0.025,0.461,102,进步
0bb8692f43a372e8d967,0.283,1.036,0.523,123,进步
0c57caf5358d30408034,0.024,-0.086,0.21,186,稳定
0c670262b3941d307600,,-0.018,0.335,145,
0c81ca27b7d931b6ff6e,,0.04,0.2,217,
0d260d8fac2289c8ed9e,,3.019,0.17,219,
0d4a3518a188f6888380,,,0.818,55,
0dapvs3h4h3h1ahmt2o8,,0.782,0.304,145,
0df40593e76a840fd64b,,0.112,0.099,422,
0e062d9fa22dc8e3bca2,0.106,0.135,0.629,123,进步
0e804947f4cdc2721046,0.282,0.53,0.412,142,进步
0eb6eec8b4bee8ab6a44,,0.013,0.265,161,
0ef8b2c9e039eaace596,,0.45,0.314,186,
0f160cd19890b97092b9,0.167,-0.047,0.518,119,进步
0f8bd9e33125347965a1,0.878,0.257,0.19,184,进步
0fc996fff93c00ca5ced,,0.054,0.201,514,
0gfiioqi5g8djhh1wzol,,0.009,0.302,143,
0i1e50rz4mkhee97xvpo,,1.8,0.194,131,
0lgtv09uoh3ova8sjbze,,0.47,0.195,159,
0m2kzubx9r60wyrsjj7j,,1.209,0.283,147,
0m8o7nuv982vnv3328qw,,1.465,0.297,126,
0maggb1hf886m5u6p2vr,,0.186,0.17,155,
0qamadarf6xhm9pm2jta,,1.311,0.199,131,
0sgnvj4zfg3xjjb9fl6h,,0.095,0.223,134,
0txd5enpfmbrth46w74b,,0.201,0.195,128,
0z4mockl76xn8mhdaehw,,0.028,0.146,144,
1096bd470d3ddff1ec1c,,0.073,0.314,192,
10de703c06bf9d873d68,,0.03,0.38,193,
10qi28ikwz4c4v22b06i,,1.637,0.357,145,
10xnkvdetxarrkdhx4i9,,1.057,0.271,130,
117ee98c7f916c88ddbb,,3.629,0.393,216,
119b36a5797d5ce69625,0.857,1.773,0.518,177,进步
11dae4659d30031a10dd,0.856,0.023,0.396,188,进步
1202c731c612353ceef0,1.301,-0.026,0.236,299,进步
1224ceafb61456a033d0,,1.02,0.268,164,
12s3yomv0kltozc1qxc4,,4.402,0.242,154,
1329b6cf41debecda787,0.349,0.042,0.554,107,进步
132c90d4a027a4477ad0,,0.358,0.33,136,
1367d35cf39783effa7a,inf,-0.025,0.284,73,进步
139429592a9c23c08b71,0.975,0.099,0.561,108,进步
1397545fbe9882e5cd42,0.294,0.048,0.335,207,进步
13de1d3a55477a0c0329,0.525,0.087,0.469,135,进步
13f8b8305f6c25c21921,,0.889,0.215,511,
13nq2h723zixyhir01lf,,1.637,0.319,161,
148o63s7q5aitfxmmtrg,,0.201,0.373,172,
151cd83784ab9007e8d8,,8.503,0.221,334,
152a0c17daaaa4e65e14,1.272,0.093,0.412,165,进步
1552f58e2818ce7fa863,0.746,0.899,0.311,208,进步
15ab118362ecbbd03b52,0.407,0.089,0.513,117,进步
1629f353a742f6a73251,0.443,0.115,0.5,119,进步
166cb02ac436c9d3662f,,0.019,0.077,475,
16c505069c1e5c2bece5,0.088,8.769,0.627,59,稳定
16d68f70cf5e52d0b34a,,0.322,0.297,218,
170a695a2717bcd9b74b,,0.057,0.181,272,
17656005bd4086137ab7,0.294,0.052,0.46,151,进步
17dda5f588bed077c742,0.891,0.754,0.705,263,进步
17e429460d5fda251953,0.564,0.075,0.295,402,进步
17f2d0e73044110cdea5,0.091,0.168,0.282,141,稳定
18654732ca312afc173f,0.63,0.135,0.335,232,进步
1883af270e36a7580332,0.504,0.272,0.508,153,进步
18cdd44af62c6935e7a0,0.407,0.053,0.278,256,进步
1974349ec27d7d67bf08,,0.562,0.232,253,
19793e7e55b68c8dd776,,0.335,0.324,127,
19buea1jycypffshcw38,,1.983,0.202,141,
19fb3075dd2798538c9d,0.216,0.042,0.639,76,进步
19rc4zj7sw4ms0996992,,0.12,0.217,138,
1afepx549ssnar1m9acp,0.346,0.649,0.236,151,进步
1b0baf552d2cd47ee10b,0.139,0.205,0.683,58,进步
1b25734414fcc7466153,0.801,0.004,0.349,300,进步
1b36a3223f9dd94a211f,0.817,6.616,0.428,208,进步
1bd9bb053a3ac1bba507,0.196,0.065,0.714,85,进步
1c2aef3af32f6323a31d,0.949,-0.005,0.747,140,进步
1ca19e51244cdd3f09ff,-0.009,0.846,0.417,87,稳定
1cfe33c5b178a0c2367f,1.066,2.963,0.461,119,进步
1d50eac067378042684b,0.374,0.164,0.247,245,进步
1d7229e0f5f825007870,0.253,5.34,0.458,107,进步
1e25b47eaef62694a236,1.449,-0.19,0.36,131,进步
1eekhswi2ckx4uw0j1c9,,1.793,0.282,143,
1f4oscu6io8xlog2157e,,0.996,0.311,131,
1f56b6bda24efafcf3a4,0.632,0.136,0.382,212,进步
1f67cb2e7affbb00b6c8,,0.877,0.264,360,
1fa4f2361b8a03040292,inf,0.25,0.338,187,进步
1fc5b87acdfc2a8b580c,0.868,0.066,0.442,127,进步
1feef8b4129f5bf21e67,0.433,1.365,0.595,122,进步
1hrtipd0awjpggdje5e2,,0.064,0.31,148,
1hues7esy9erdsses6m0,0.219,3.796,0.194,152,进步
1kvfwfp2hr5hjxjxzjqd,0.223,-0.019,0.346,140,进步
1mp9yiw6rkrr3846047g,,0.078,0.235,132,
1n42senfkcjopw1zh39l,,2.054,0.124,133,
1nebcwra7a0fduy8c1fa,,0.328,0.165,141,
1nyzl7s790ta4c8r1l9g,,8.961,0.274,138,
1otvyki9oso9bg6ob16u,,0.205,0.21,145,
1t6e0wa99fijxi3ssnzk,0.084,6.976,0.371,129,稳定
1vb2vsoy23nr0monflhx,,3.953,0.228,142,
2007f4965d2aa6064a25,0.432,4.694,0.438,183,进步
204a7d6db340a3c18ca7,0.062,0.256,0.767,53,稳定
204fdbe885269686a392,0.944,0.076,0.31,157,进步
20f97b68982d1b2f5c73,0.656,0.114,0.211,287,进步
211ed39c57c6e6cdefbf,,0.147,0.459,163,
2150588a5903d9a77b79,,2.118,0.219,197,
217c87d59a4372c4f3fc,0.738,0.182,0.132,241,进步
219jkfkejubvu4dvuv13,,4.258,0.225,152,
21e23771e52cb5291b19,,0.733,0.131,416,
21fc5674d24be8e9da89,0.005,-0.045,0.805,51,稳定
222d5ee50487a2b8601b,0.882,-0.038,0.537,146,进步
22ae866c664a147f9971,-0.031,-0.05,0.445,93,稳定
22fey6dqzcrm0jbtfnmm,0.248,0.064,0.291,155,进步
22wb5ostye8edvfar59p,,1.894,0.233,156,
23dd64a1d2e4965198bf,,,0.388,103,
23f1f5d3d90e2890a423,0.201,0.682,0.313,257,进步
24524df0ca55659c384e,,0.531,0.544,202,
24ca7714d40e2fe53821,inf,0.04,0.385,150,进步
25019b8f1c3ac537894b,1.232,0.043,0.483,123,进步
25c8e1ae2335e8c3e5b3,0.617,0.841,0.278,336,进步
264320c6b92b92795ba0,,0.029,0.288,223,
27cc9165eef05eb1733f,inf,0.6,0.424,103,进步
2826ec26211d83efd2c6,0.762,0.026,0.39,168,进步
2842c82981077b78b3cd,,0.186,0.183,458,
28719a42e0cbf4991b7f,0.221,0.14,0.34,177,进步
28bc8af257c48eac3bf1,1.206,0.262,0.489,95,进步
28d90a892cc66338f962,0.708,1.905,0.42,203,进步
28tmrs0kyrrh1odyvf21,,1.502,0.26,157,
29172d2e39ca0d890848,,0.145,0.497,97,
2933a3227c7ce7fe21eb,0.917,0.116,0.579,95,进步
2959d8017312337a2ba6,,3.808,0.167,393,
29acddb87cfe062d73f5,0.412,0.792,0.345,183,进步
2a003b122e9500e465c4,1.222,2.85,0.386,161,进步
2a515047aa9d085849a2,0.228,1.966,0.26,293,进步
2a6394114c31a10dc92b,0.494,0.049,0.314,393,进步
2a6ap0t2rsvoogmydj3a,,2.442,0.199,143,
2af634997fba501740c2,inf,0.176,0.435,191,进步
2b3492096a4d12bb86cd,inf,0.029,0.29,147,进步
2b54ed4af8281eb82f58,0.3,2.517,0.241,179,进步
2b935bfe06ef02369807,0.8,0.152,0.476,92,进步
2b9ef4e3749f713870b0,0.204,0.107,0.198,198,进步
2c27d4de6ae130e7e242,1.396,0.786,0.363,512,进步
2c3b89432513b2035664,0.62,0.147,0.604,84,进步
2c6339f7c23a64d02081,,0.558,0.406,123,
2c7d02c44b47e3d24d52,0.715,0.178,0.581,81,进步
2ccfa5f79c8b61e465d4,,0.054,0.225,317,
2d526c27123e59103e29,0.906,0.137,0.165,477,进步
2d9a38c93e37bc475cb6,0.293,0.675,0.277,157,进步
2db6dd71f1d07300382c,0.604,0.389,0.597,80,进步
2ddkknvpbz2j9wlvybtj,,1.83,0.35,140,
2e2c00240c341a4265e3,0.758,0.051,0.448,132,进步
2e3e7cbe0e69add8d31a,0.089,-0.039,0.674,60,稳定
2e40c1b07d32d3b80862,,-0.006,0.216,238,
2e54b1c7bff5847c82a8,1.252,3.306,0.309,463,进步
2ea821273e01ec758583,,0.322,0.257,184,
2ecb7fb5ff8899614c12,,0.125,0.289,208,
2egpenarap9h0a2k0bc5,,3.953,0.239,138,
2f3c37735e817244e646,0.108,0.029,0.486,104,进步
2f3ef424b925a9881b81,0.618,0.031,0.555,144,进步
2fe9648ea28753c73c2c,,1.595,0.314,254,
2h9c9tdsnoz1hyzo5frt,,1.346,0.254,149,
2jvnsh0veb6qnn3uv6i8,0.22,0.04,0.34,146,进步
2krjeqjgjqfuumdo3ibt,,0.937,0.248,141,
2svwdpmdpjsdzafekntw,,0.048,0.252,120,
2ui63dibc4r8oo0p9agh,,0.296,0.259,151,
2uxkhe454qk8jvk0ufvp,,0.066,0.338,129,
2xk6toebmkxdw8f2bypd,1.254,0.373,0.561,72,进步
2xsbkm76x36qvddrl2yo,,2.173,0.32,136,
2zfdinkl7qrn0o62tlp4,,0.062,0.315,132,
301f57984e5d2969c938,0.332,2.221,0.372,145,进步
306627b1ecbdf4e3aa34,0.254,0.947,0.227,160,进步
3094825929f936abb792,,0.586,0.599,204,
311abc37a94ae8afe41a,-0.019,4.137,0.32,152,稳定
31741464205aa8cdb4f5,,0.121,0.348,154,
3267b84814316e2fa25e,0.768,0.023,0.401,166,进步
329622100fe091a4c48c,0.199,3.78,0.18,434,进步
32n93dfesjggabieb85t,,2.474,0.279,149,
3313c40ea45a87f9d2e7,,2.245,0.513,113,
33184c1cba6a37cdbda2,inf,0.522,0.107,417,进步
33b73273ab8e1a11fcda,0.134,0.297,0.554,83,进步
33c123d08dc07edb50f9,0.384,-0.055,0.595,67,进步
33ddb1517601db520cd6,0.631,0.15,0.413,131,进步
34aaaa47df8c4aa4d926,,0.434,0.267,240,
34qcy2qj5lij7g82hpvw,,2.874,0.171,146,
3531c5f9d520759ba697,5.486,5.683,0.513,243,进步
3555053023c67d592439,0.499,0.154,0.46,105,进步
3565d61f3efec69e611c,,0.124,0.674,81,
359f25d9131a0699405b,,0.045,0.315,162,
35e028ec34bfdb7a6d26,0.343,2.534,0.418,157,进步
35wcdp4s13xmtyq5f7os,,0.805,0.308,145,
360820d6620d17d1b48b,0.967,0.153,0.278,294,进步
3672e2896ad7d8f2404e,1.901,0.101,0.363,106,进步
367c27a001837dabb2e9,,0.248,0.272,128,
36ebf305b7206112f676,-0.29,0.506,0.372,179,退步
374ff25490a1f0aba47f,,2.17,0.335,200,
37905cfdcd105683aaf4,0.502,0.1,0.431,144,进步
37ae91c472189108a737,-0.006,0.108,0.512,96,稳定
37f3b3d773c5c073bc9a,0.355,0.109,0.512,107,进步
38357be0ab369a9ae942,-0.027,0.283,0.381,134,稳定
388090578f22a3c33738,0.347,0.475,0.516,95,进步
390d1fc3b78420815190,inf,0.602,0.334,208,进步
3919286d3d8c4f4d339c,,0.008,0.308,202,
3a9d955e2ef47191a742,,3.246,0.28,213,
3ab864e1e692786fefd2,,0.061,0.276,131,
3ac65fbc295f5fbd2ff7,,,0.358,109,
3b3b2319b0995f149ecc,inf,3.292,0.235,248,进步
3b6f3bb370f3107e257d,0.448,0.062,0.71,51,进步
3ba42ec5350aacb0750a,0.285,0.008,0.2,374,进步
3bf7b3c9aa7d93ecb603,2.283,0.211,0.509,294,进步
3c1b9222136b752563f6,0.072,0.141,0.595,73,稳定
3c37e3ad275dcdd39e2c,,0.799,0.233,201,
3c71b62d597098c4cd18,0.237,0.12,0.553,103,进步
3c89c7f1db26ae691db8,0.277,0.132,0.278,386,进步
3cic5ziycjx4ik4ll0v1,,0.01,0.248,146,
3d63ba961a5f3a60616a,0.596,-0.034,0.669,107,进步
3dba043eb6065ad3a343,3.54,0.317,0.343,40,进步
3dglsy7ee3ytfq1lpwlv,,3.733,0.205,160,
3e4e608ace87fe97bdb5,0.503,0.961,0.505,142,进步
3f34e3108d1108dab0fd,-0.02,0.171,0.498,77,稳定
3f55d44d7572d52b2987,,0.082,0.489,94,
3f81bf9625e47ca1963f,0.047,0.004,0.347,133,稳定
3fee5c27236cbb682727,2.605,0.014,0.286,119,进步
3ff069e95a9047dbfa8b,,0.071,0.408,243,
3iz4t53ooerb6sruxf3n,,0.045,0.342,137,
3lbe8ny12qw7qwcyihpn,,1.088,0.276,126,
3m4gx52iq3mwqdycm8mm,,0.05,0.268,159,
3p34idi1traz2k8j0ulk,0.404,-0.005,0.278,147,进步
3qvqfnzdg358mord1cku,,0.028,0.355,129,
3w0b2b1gz9i1nhmtab7s,0.231,0.757,0.305,142,进步
3ywgcurp27qp1fydp27z,,0.034,0.264,159,
40eb36011ced9a882ea9,0.392,0.092,0.513,238,进步
40rkj6cwy12hdupgq4w2,,2.319,0.319,138,
41126caf1874c098d357,0.429,0.122,0.579,135,进步
4130weedl0x9hc7qe5a4,,3.17,0.198,153,
413cbf664ac3ba8307ea,,2.42,0.326,223,
4156dc6090d72c95c23b,0.065,0.393,0.53,80,稳定
418f4730434eaced55a2,-0.257,0.115,0.678,72,退步
41abb1b9df74d29b7732,0.586,0.233,0.651,95,进步
41e9ff991a4a21f423a8,0.216,0.123,0.448,157,进步
41f718ae2aed1d6c2573,0.246,0.114,0.458,116,进步
424de2c5e2c1f5652cdc,,1.342,0.25,203,
42dd5f9cd9e2c3ac9ed7,0.111,0.299,0.297,162,进步
42e83553ca9d77ab4aee,inf,0.024,0.403,166,进步
430420fb41fe0a889868,0.381,0.044,0.216,254,进步
432fd26823e230070734,0.688,-0.025,0.203,291,进步
4388d48ebff4cf866ecd,,0.0,0.245,92,
43d34a076620e32fedfa,0.622,0.423,0.326,228,进步
43d98a750c726bb39d11,0.328,2.008,0.505,136,进步
43vri1lqbgiiwbkaskqd,,0.664,0.288,133,
446d2ad0ca2908ffa4f9,0.071,-0.039,0.753,62,稳定
4474f24ef69e01e2c001,,-0.006,0.214,82,
4478eae73fb84cedb102,,0.361,0.307,271,
44c7cf3881ae07f7fb3e,0.421,0.165,0.618,169,进步
44x159fl0pw2uucriuga,,0.014,0.294,142,
451b0095938a3c54efc4,0.766,0.774,0.603,118,进步
453d43b3f6bdf467e672,0.519,0.052,0.465,271,进步
454c91e8f96c1dc4e994,,0.103,0.2,263,
45b6cc87a7e957f83027,0.279,2.491,0.53,161,进步
460fa4961434cf281423,,0.063,0.21,174,
46a60ed041c8ebf98061,0.448,0.557,0.578,86,进步
46a7a18ca160c829a15f,0.852,-0.064,0.159,306,进步
46e2d5243b6eef040f97,0.125,0.072,0.509,102,进步
4738a118c8b8fa271fd6,,0.15,0.396,137,
47b08a7751ab609be9e5,0.774,0.021,0.355,99,进步
47eeab842793b09300c3,,0.279,0.324,152,
47vclaej1xmb0rc8kgka,,0.089,0.296,148,
4884f3bdc068ef01e042,-0.032,3.47,0.171,361,稳定
488934d01a504bc212b4,0.138,0.111,0.333,133,进步
488fc49e8fccd665c3e2,,-0.02,0.109,428,
48a71a6a5a15e31084e3,0.403,0.08,0.468,119,进步
48a96425072cefa0dc69,,2.97,0.371,142,
48ad93c227abfa9542aa,,0.277,0.222,198,
498121d2486259ef1b3a,inf,0.162,0.23,234,进步
49a91a4dce6838ffcbcd,0.565,1.851,0.505,194,进步
49b95110a8c59f6b6c58,1.508,0.677,0.255,344,进步
49ef48443e09f8be12f6,0.257,0.939,0.406,119,进步
4a0890c15c26984c191f,inf,0.129,0.221,212,进步
4a6e1cf1e4e9d8f54717,inf,-0.201,0.448,60,进步
4a7f53c0a376edadf38a,,0.004,0.151,254,
4aa8ff74dc576b7adbcd,0.313,1.462,0.46,309,进步
4acutl013itvh9va99p7,,0.07,0.363,128,
4atjmlccken75lck9ffp,,1.109,0.243,118,
4bceaffe5e429ed3333b,,-0.024,0.483,80,
4bq1kdgygbtif8w80s5y,,0.021,0.187,137,
4c26df96293b4a52bc03,,0.046,0.429,149,
4c79be630ae9d3db6aaf,0.775,0.458,0.21,284,进步
4c90f16c0fcd85d3de25,,0.084,0.235,384,
4ca5c8ea55be09213d14,,0.776,0.371,137,
4cb96f0d9108066442a8,0.776,0.203,0.372,110,进步
4cc0dc56eecea1d928d1,0.754,0.011,0.447,163,进步
4dfdfa5e1a04c832b9b4,0.377,0.154,0.531,394,进步
4e4bb1f26e34ca0a13dc,-0.195,0.01,0.283,146,退步
4e508744a9816cc4586a,0.774,0.067,0.437,81,进步
4e693829528e3e7de62a,0.263,0.143,0.499,789,进步
4e768251c78b687fa993,inf,0.02,0.308,258,进步
4edfd2e1b7c5c5d1d384,,0.09,0.496,77,
4erna0vkk9gu5umle1se,,1.362,0.286,130,
4ewf46mylf75olvvihqj,0.335,4.251,0.26,130,进步
4fl8e5s0nf65bm2m34f0,,0.06,0.312,137,
4glo109mkgy7azntyttp,,0.014,0.298,131,
4i0t5tq7o78lvc1zglgr,,0.422,0.225,120,
4nun1ah7qw10q705a2aq,,1.906,0.346,137,
4oqxw56hzk4fk8aqh3e0,,1.065,0.233,139,
4v5xbvn3yhmvs97477pc,,0.373,0.295,132,
4vnvytgnlmv4jbfw9h3t,,0.068,0.289,130,
4x441h9y6wzknmtdw7q4,,4.341,0.262,146,
4xh67ezjc331pg9q3kfv,,-0.045,0.204,150,
4y1vvkscejq34042oag4,,0.041,0.214,128,
4ycyhj8tyx2b17fcx29j,,1.439,0.215,157,
504278569f7c6dff25e3,0.29,2.556,0.723,78,进步
50673b01fd2b0c765572,0.703,0.367,0.381,192,进步
50fec4ca4283ad18c000,,0.011,0.571,150,
510a90cd169e2eb042ab,0.987,0.216,0.175,482,进步
522837ace4fd8dd743f2,,1.552,0.097,615,
52a24e35d5356ab34a2e,0.674,2.716,0.227,198,进步
52d965ebf3ec0518bc0f,,,0.433,90,
52f1bca9ac9c792e4457,-0.396,-0.287,0.32,151,退步
52f4899e918b57df28da,-0.233,1.031,0.424,91,退步
533bc4c6716035e694ac,1.998,-0.219,0.472,210,进步
539911ee11c1b2aaeb88,0.084,0.908,0.394,165,稳定
53d51965c40a54cff1a0,,0.161,0.435,118,
54342435561e775ce97f,0.699,0.584,0.332,254,进步
545eb6c8154273344669,,-0.032,0.292,196,
5479f88afb95288d6392,,0.215,0.5,109,
54826f4abf592713d585,0.08,0.265,0.366,155,稳定
54f91ccb08cbece520da,0.314,7.288,0.314,154,进步
552365f82674884bcaaa,0.172,0.942,0.657,73,进步
553l2g7kpifbvn82knxk,0.451,0.027,0.361,142,进步
55a47a152d359522e38d,,1.698,0.447,214,
57709f904b1cc9ec60b1,1.06,0.149,0.301,200,进步
57c33a6126c456c5ada8,1.186,-0.158,0.39,131,进步
57f84519c468df122d69,,4.692,0.41,118,
580e98185da72b5f34cd,,0.201,0.127,359,
58n0dsxyyqnriomw67id,,0.055,0.357,148,
58widcj6smafuwyqxw2m,,1.026,0.259,146,
5914db0d4427b322e8af,0.335,0.136,0.165,138,进步
5963ba5cd9d242a00e22,0.668,0.103,0.442,158,进步
59bybxqvhton27u0jtfm,,1.495,0.199,135,
5a44a7c59729d41d596a,-0.69,-0.041,0.235,48,退步
5a8cce5abee961fc77f3,0.189,0.004,0.332,122,进步
5abcc9d4fb5e764b2f6f,0.873,0.594,0.181,257,进步
5ada57d72f07c3803d33,0.178,0.304,0.313,138,进步
5b5ef66e547d63806a56,,0.079,0.12,320,
5bdad002590327215ae0,,0.175,0.643,87,
5be7405ad4ae9d9a2853,-0.112,-0.185,0.355,177,退步
5c33bb784bb99763ed74,0.092,0.136,0.421,136,稳定
5c83f4ed6601ddf1a6fa,,0.08,0.409,110,
5cda8273b348fbda9f29,0.137,5.999,0.311,268,进步
5d16326e4577a67d94c6,,0.033,0.397,149,
5d2379fb72082166dee3,0.29,1.322,0.387,135,进步
5d580a610c7f8114eb5c,0.563,0.042,0.565,89,进步
5d89810b20079366fcc2,0.303,0.036,0.589,62,进步
5dmn9cwdf4l1snqfjw1p,,0.667,0.287,120,
5e12a0421c20717035cb,1.793,0.431,0.339,380,进步
5e29473eb1e80fde79a0,0.787,0.764,0.309,262,进步
5e89fad73b2ada2a30bf,1.017,0.216,0.51,164,进步
5ez4c53h3kdamnlvkpna,,0.768,0.239,137,
5f55600069b483f999f5,2.674,0.072,0.179,293,进步
5f7b406b2bbf9789735f,,0.464,0.471,108,
5f8d87412f69e3d9fb13,0.104,-0.014,0.741,68,进步
5faa3d19e595ab735fda,,1.149,0.424,188,
5fbaf8a0f524358778bb,inf,0.0,0.438,164,进步
5gs9643ghg39gpkgi3e5,,0.033,0.223,134,
5jxldd3plo4x6oq140l5,0.353,0.592,0.271,158,进步
5kqtdcvyt7rgqdoextw8,,3.424,0.378,137,
5l1b1ma70rilf7mojch5,,1.431,0.333,146,
5m6lgwi0mkqs8ilg3qqs,,0.14,0.536,96,
5mrih4nj5agvu67vao4m,,0.038,0.318,132,
5qfsd40k8fv54hc102p2,,0.931,0.339,128,
5rxl72n8rmnxwrxcss0q,0.521,1.131,0.393,125,进步
5slhcx7pnjhcmlbfffu6,,2.045,0.344,142,
5zczdtyecu2w495j80xv,,0.021,0.29,143,
6002b9ec0f4ad0b281cf,,0.016,0.414,152,
60c3549c706fe13322ce,0.434,0.068,0.412,145,进步
6106e5232ac32bc22d1d,inf,7.738,0.158,203,进步
61de1e21015e07aacbe8,0.703,0.071,0.357,445,进步
62156eada978f707f5d2,1.047,0.083,0.597,100,进步
6273f50d9a0b4e6d971c,0.351,0.036,0.447,112,进步
628bztd9ybuth5efk7nw,,1.28,0.362,164,
62a877b83219f7974fd0,0.05,0.139,0.853,53,稳定
62olkigg7ntlaf6fzytl,0.328,0.088,0.482,147,进步
6314d7cbc465e29f357c,,-0.022,0.421,128,
63aded37545ab92d41d4,,-0.022,0.216,228,
63c38a00d97e62c31e08,0.268,1.928,0.253,219,进步
63eef37311aaac915a45,8.513,0.163,0.385,316,进步
63ff3dff3eb31d62ab3e,1.587,1.308,0.435,225,进步
6486c0664d217470d126,,0.036,0.445,86,
6496d6268092ef8e7e9d,0.221,0.359,0.207,211,进步
64d1d58d40bca568347c,,-0.025,0.522,133,
64d65eddd629b80922f1,inf,0.676,0.459,38,进步
6569uz69or21mbcejw25,,4.824,0.266,117,
6604efc6fd93e070f40a,0.199,0.867,0.364,106,进步
663aff87732c52f0e342,,0.117,0.167,568,
66d7c0bdb21b7d5bd83d,0.739,1.669,0.117,653,进步
66f99grd556eyxjqk7pz,,0.022,0.231,154,
67456512891f96cc0fc3,0.356,4.842,0.482,99,进步
67f8d47cfb7b7b3d2095,,0.25,0.129,271,
6837091518a3524730fb,,3.357,0.274,402,
687ndz7mxhpv3gg91ie2,,8.433,0.25,132,
68c45e933c2dc939e7c9,0.516,0.088,0.306,215,进步
6923e581d76689cb57a1,0.602,0.093,0.464,153,进步
6964a3d507ac1ecf9e52,,0.063,0.127,425,
69a4b3d15a5bf0d0e43e,0.546,0.103,0.347,173,进步
69ae85efb03510241445,,1.022,0.369,143,
6a62f52203bda35656be,,5.715,0.161,363,
6ab4994b59925a6d1bba,0.844,1.397,0.223,491,进步
6abeead45fd57abadaff,0.438,0.386,0.549,163,进步
6ae7d356ba998218af82,0.118,0.069,0.573,79,进步
6b0cc09c9daf2966d1a7,,2.104,0.19,318,
6b22922bfe081d68c7a6,,0.681,0.386,312,
6b9ee688551136da2eb9,,0.116,0.43,119,
6c14ce386a9cda72549c,0.384,0.231,0.432,262,进步
6cbcdec2dffbcf09a91a,-0.015,0.08,0.732,56,稳定
6cxj0lsinp9d7215gtpe,,0.203,0.292,165,
6d22912e7e93a96a8690,0.445,-0.009,0.567,55,进步
6d35a9a33338a84dd077,0.54,0.042,0.374,226,进步
6d90c2fd38f2ea52ffd8,-0.081,1.006,0.412,155,稳定
6dx4zt62b8m37krb5l3n,,0.183,0.276,156,
6e7d56f652020f046204,0.469,0.093,0.382,158,进步
6e8118d5ad3c7093b869,0.589,0.009,0.38,184,进步
6efd2d79656d1b056f72,0.476,0.669,0.268,242,进步
6efd353d32bd3d908b23,inf,5.108,0.46,135,进步
6fa0b38bfd05105503a1,,0.294,0.327,221,
6fc66606e74242398444,1.095,0.369,0.305,298,进步
6fe309a58b787e7010eb,,0.028,0.218,281,
6fefd33cf297f69bcae3,,4.023,0.141,415,
6g7c63m95z8acd3vx5ct,,5.14,0.148,133,
6iag08nt7se7f2hkgzx4,,0.042,0.285,138,
6ixkthdoadcwip3r1sy2,,1.512,0.275,147,
6o68qswzkvrrtbiz6bzr,,0.058,0.21,171,
6qp85ufr2o1zg8k0cvtb,,0.598,0.347,125,
6tq9irjllweqmqe4u7sf,0.451,0.028,0.291,113,进步
700915d303cc358e662a,,0.447,0.562,138,
701a989d65a59c18845b,0.525,0.114,0.378,154,进步
7086b49d3d6c2cf79c1a,0.351,0.104,0.659,121,进步
70exfe4k4e5vvm5sqspq,,1.895,0.393,141,
70ym0xeqaqmx14dv6myx,,1.77,0.224,140,
71ca74e191e71b0219b5,0.123,0.987,0.482,103,进步
71d0a8156e59c4dcedfd,,,0.6,65,
71f6622e7caa6ed92506,0.367,0.661,0.489,113,进步
7207088b2ef28ff6b669,0.336,0.924,0.479,113,进步
728a4a393899c37a5429,0.513,0.217,0.664,72,进步
72b4334deffff31dea8b,1.898,0.047,0.415,161,进步
72d383f55803c5a81bd6,1.024,3.313,0.35,195,进步
72fbfd24cdff0454a0e2,,2.258,0.312,165,
7380885aaba482170588,1.149,0.132,0.604,110,进步
73ae359d8e93d41ae4ff,0.464,0.772,0.599,98,进步
74137c4db75be61c10fa,,0.659,0.198,336,
744e7141564ed216b812,0.154,7.425,0.753,62,进步
749fec50db4020e9bfcc,1.52,0.155,0.387,123,进步
74e22a3421e605061ef1,2.301,0.622,0.27,270,进步
74g1r714u01v7nb4vn8w,0.078,0.036,0.228,151,稳定
75097aa30e9373a612c7,,0.043,0.291,196,
7509bbe0d23fe15928ba,0.303,0.055,0.304,139,进步
7535fe5ae754da62a534,0.405,0.502,0.526,101,进步
758a52e21fd5c23cd7ed,-0.101,4.458,0.408,146,退步
75a72c46b8271a57fba6,0.528,0.74,0.608,83,进步
75c2677c8d156032e303,0.445,0.025,0.171,465,进步
75dcc10ba89fd0c25d50,-0.093,1.813,0.293,209,稳定
75e30b71e38030454877,,3.752,0.317,187,
76366e9c264169b2bae1,0.524,0.851,0.579,202,进步
766836b5f30556e81da4,,0.553,0.38,100,
767e222eeb367b2b010f,,0.703,0.128,389,
768c216e172762b85899,inf,0.29,0.315,204,进步
7694d71417c2f5202940,0.247,-0.028,0.285,177,进步
76a2f2705490042bb8cb,0.165,0.032,0.527,91,进步
76fe2c19fa84d58b584b,,0.038,0.217,248,
7742559d8e833fbcd326,1.124,-0.277,0.608,238,进步
781f69b185122bfaddca,0.686,-0.146,0.627,115,进步
78e6c80ea8dc73ec747d,0.311,0.053,0.77,60,进步
78uyv6k6u49krocgtkzu,,0.379,0.241,139,
792e3326f0d9f68389d9,,0.273,0.294,290,
798ff22d126a0f8034ff,0.042,1.667,0.419,108,稳定
79cvflltnemb9zpg6pgl,,-0.014,0.154,142,
79ea7a2f63285f2fe26b,0.329,0.178,0.559,148,进步
79fdbcf16db75f75383a,,0.034,0.354,155,
7a600fb7e3750998e7ae,0.027,0.114,0.374,105,稳定
7ab9a2516b2dba99c36c,0.38,-0.14,0.605,70,进步
7ae6jy1vw15ppmnq6sba,,1.709,0.171,132,
7b1d65c8c7637c14d9f2,1.792,0.152,0.388,121,进步
7bb37669654dedc7e397,0.496,0.074,0.381,142,进步
7bfbef4127aeec4b344e,0.365,0.039,0.285,278,进步
7c039dde693a18f3a834,0.585,0.207,0.275,130,进步
7c1d8516e6c2ab2d3030,0.618,0.044,0.525,85,进步
7c27b1482db039a6eee9,0.569,2.939,0.577,78,进步
7c2qxvccum7f93e8ohgt,,0.036,0.343,148,
7c30aec52f13bebe07a6,0.679,0.588,0.386,104,进步
7c3fa9ed66d940d49692,,0.002,0.267,252,
7d882daa0b4d418d1d0c,0.588,0.092,0.44,149,进步
7ddzwidmh4uwbopvlast,,0.036,0.291,142,
7ec5fc60b1ce755e0e17,0.201,0.081,0.442,330,进步
7eeq2weegodhsqj7bxc2,,0.332,0.356,153,
7f1c076b22be73eef99b,,0.938,0.38,309,
7f58862bfed16feedfd6,-0.408,10.189,0.531,86,退步
7f91b4ad141d21887b79,1.161,2.798,0.311,236,进步
7ffc1d4e5026fc5195ea,,0.84,0.448,95,
7iulsxm22wz4v82hgb2g,,0.524,0.278,144,
7kqvekz6iho08947fhk9,,0.348,0.331,131,
7n0vh1m7hm3g0v8ggv7v,,9.15,0.308,145,
7r0ywonplo8up7m35eav,,0.277,0.368,122,
7rzwry01x1n79a7rw5va,,2.493,0.247,141,
7ssihtyt72rzukfci0o1,,0.214,0.275,135,
800d0095388d11344b78,0.962,0.178,0.31,123,进步
80423084979315c20dbf,inf,1.401,0.16,203,进步
8068144149e4ba65ef38,0.402,2.914,0.218,283,进步
80xvovy2zizaj5kr0va5,,0.846,0.198,147,
81931021ce711e124d0b,0.362,1.019,0.188,355,进步
81c441973fd4e024d60a,0.238,1.736,0.193,314,进步
81c4c46f19cb21d54bbb,,0.005,0.461,109,
81e59e96ce9bd6a76bdb,0.756,12.56,0.385,139,进步
81kmylu471y1njt1pin3,,1.109,0.241,149,
8242b99ad9d6609fd19c,0.111,0.039,0.681,72,进步
82da6d26645f8f71bd61,0.319,0.11,0.597,78,进步
83b54209fa2b1055369b,0.466,0.247,0.297,181,进步
83bf9b0424c17c9e13e7,0.411,0.06,0.668,88,进步
84146496b8d6256d6982,0.043,0.038,0.597,52,稳定
84e8300978b600b5f0ba,,-0.021,0.366,158,
84f116e542feb4ff69c0,,0.881,0.529,124,
852687af72e9ee38fb42,,10.457,0.535,54,
854ce9f7f4d7b6115854,-0.173,0.092,0.438,80,退步
855b21869c4fdbed8047,-0.022,8.477,0.558,68,稳定
8596e232b0d863cd3130,,0.069,0.442,104,
86215294b080f19af22f,,0.019,0.232,233,
86366c9920186cc4d1a3,0.475,4.049,0.233,198,进步
869eacc999a52155ed53,1.258,4.147,0.428,185,进步
8711049a2e0ef13bb10c,,0.121,0.618,69,
875704a45c0214c68eae,,3.257,0.164,198,
876aca2b8ce1958ea773,,0.039,0.172,515,
8777bd09f180d330b147,,0.237,0.181,221,
87aa4503451b6a77b2b7,0.437,0.0,0.471,131,进步
882ccee198e25b49b30d,0.328,1.96,0.077,834,进步
8975db410fd78d462688,0.046,0.828,0.615,111,稳定
8979427badebb9e2bd10,,0.075,0.379,130,
897f6d3de550ebf68384,1.317,0.456,0.423,146,进步
89af2669cc93dc97f545,,2.352,0.229,190,
8a45d6748ec853f7694c,0.651,1.659,0.285,188,进步
8a9f3822aaa08e579e4f,1.506,2.473,0.466,121,进步
8ajv97zyciosc57q0cng,,0.03,0.283,156,
8b1fbc97391699e46cef,,0.101,0.186,434,
8b586d8b9c06414b2487,,0.122,0.325,336,
8b6d1125760bd3939b6e,0.191,0.001,0.49,75,进步
8bece93f0b270602e64f,inf,0.392,0.394,136,进步
8bf3625652581859dcd1,0.444,0.287,0.283,276,进步
8bj43lrpbsn3smxxn3xn,,0.304,0.211,116,
8ca890875272aede0af5,0.572,0.998,0.382,127,进步
8cdbc02c05d6ebafa9eb,,0.82,0.605,86,
8cvzwcc62ql4rqj0pyzl,,0.342,0.19,140,
8d422b817027d7721870,0.527,0.06,0.581,95,进步
8d93485dc6a4b2a9f03f,,,0.43,86,
8e1012c9f4775ba6a451,0.527,0.075,0.117,509,进步
8e25bcfa51d165f162f6,,0.274,0.488,81,
8ee4fdce37fceab5620a,inf,0.005,0.712,65,进步
8f1ddd99ac8c59bbd788,0.359,2.359,0.385,130,进步
8f477d2c60ec76ce22b7,0.641,0.398,0.413,143,进步
8f81bd9cbc5471ebfc60,0.528,1.798,0.219,380,进步
8f98bfcea1b9f0dba97e,0.239,-0.054,0.643,115,进步
8f9ecba976a15fa5d900,,0.983,0.283,176,
8fb30cb5c7ad360c995f,0.665,0.077,0.375,382,进步
8fe25991951e1f37568b,0.608,2.588,0.484,139,进步
8hn55e1bxuyegxa76l3r,,2.656,0.286,135,
8ivuhc6n7pr63b39dupt,,3.896,0.284,146,
8jo5o2abn697lg482k0e,,1.302,0.256,124,
8kvpozl8kjupzd4yvwbv,,2.041,0.135,130,
8l0qqik09gqh0e5anus0,,1.313,0.291,137,
8nqoz5k93j7it8w0muhl,,0.015,0.271,145,
8rsw4xhmff15occogf32,,1.991,0.264,163,
8urc1lsyw615q5prnxwh,,-0.016,0.267,163,
8wkyo305dh8esq6eop37,,1.528,0.355,136,
906ffe092972df38360a,0.545,0.078,0.598,101,进步
90f3fbedfce50f644011,-0.11,0.028,0.118,513,退步
90z3slav21r61p88ksba,,0.912,0.241,161,
9104b8987aefa9d8e884,0.204,0.04,0.539,105,进步
912794ea0c6936c83ce2,0.387,0.198,0.267,231,进步
91439fcb2590c49dd20d,0.132,0.917,0.391,104,进步
914f82268754cbf71a54,,0.029,0.408,105,
915813ad1b5f1bbe2d6e,,0.144,0.505,82,
918236b530adbe510201,1.275,0.024,0.354,201,进步
919b6f74756bdb77edab,0.529,0.486,0.548,116,进步
91ybnlkli8x332l13rrk,,0.243,0.207,136,
9294393fcd13593bc537,,1.972,0.288,186,
9369995cb6743cb69182,,0.516,0.413,119,
93c2f240de504736b8d0,1.182,0.014,0.336,121,进步
93f200d7351d4980fec6,0.645,0.735,0.267,194,进步
93f451c36b535d39003d,0.078,0.014,0.567,62,稳定
93iq4xjhvlc8072fsfet,,0.0,0.305,136,
94066a900026329cd5cd,inf,0.545,0.284,282,进步
9417c1b4c24e428984bc,,0.145,0.192,371,
94752e120f6bb6178ad5,,0.221,0.351,129,
9493dac6dc982d2b3dbe,,5.135,0.103,425,
94a770d27cae58950a5b,,0.639,0.427,119,
951678e2f3db4cd9911d,0.353,0.178,0.549,87,进步
951d2aca1b8a1c336908,0.882,2.684,0.586,243,进步
951eea03695f436017d3,3.845,0.096,0.402,89,进步
952e59666bdde6dad94c,0.19,0.41,0.198,320,进步
953123cfe1c275e6d8a9,0.52,3.275,0.32,136,进步
95889f5d20e344714084,0.969,0.016,0.279,210,进步
95i3ttsko6c6ol53ebql,,0.94,0.178,123,
95jqkrj6zv7qf1wz1p8e,,0.541,0.251,133,
960bf72352d4f58ad083,,0.13,0.297,166,
96c23b85b0b4ffdc3cae,-0.557,2.171,0.23,124,退步
96dc0554852b5a94a400,,0.126,0.141,145,
9723ceb0cf2dca42c118,inf,1.682,0.163,202,进步
97442da123c449f6a146,0.195,0.043,0.359,140,进步
977ece9de941d85308ac,0.846,-0.002,0.508,218,进步
9795edf22e930bc30fa4,,2.591,0.118,377,
981cf48df067d975675b,0.762,0.095,0.279,204,进步
98be3476791a8df7e937,0.793,0.041,0.257,275,进步
98e10f84d94623f8b39e,3.129,0.032,0.268,256,进步
9952cc289c9f690621ec,-0.133,0.138,0.498,85,退步
99a53846658ba3341de6,0.169,0.134,0.33,120,进步
99d6b8a1cc0020112951,1.057,0.057,0.352,162,进步
99dj4o3b2f6m4jemke7d,,0.024,0.31,167,
9a25hcbd3mhgaj0fyelo,,0.198,0.27,134,
9a630f9e9f4ec26d8fcd,0.402,1.008,0.398,128,进步
9ad512cc6cbd79aa81c7,0.355,0.524,0.571,104,进步
9b0guld0vdm0ggmmfb8k,,1.497,0.36,126,
9b1c065069dbb7a71617,,-0.015,0.141,264,
9b43f5fcb5d592a689af,0.503,0.02,0.413,192,进步
9b913075e93b2b788102,0.266,1.357,0.225,454,进步
9be4ba08415daa1ee6fe,1.039,2.585,0.534,94,进步
9btb3ax7qaitktvbvn8g,,1.434,0.217,141,
9c2b85496091fd7f66d4,inf,2.049,0.181,312,进步
9c39551b2cbe4f0c6d03,0.268,1.508,0.399,167,进步
9c48779f6e97be993771,,-0.0,0.222,199,
9d02a160cd171c5f4c18,,0.092,0.22,156,
9d030ebc092b353b9906,0.569,0.039,0.434,120,进步
9dbg3fyz4qnj7x9qug6x,,0.75,0.236,150,
9e4c54a008ee874fc270,0.526,0.226,0.4,151,进步
9e7bdc44129bf5acc196,2.694,0.185,0.566,244,进步
9ea29e4a747ea4a7c70a,0.56,0.0,0.291,278,进步
9ee3e6df01c7cc22d066,,0.002,0.144,287,
9ee4ff457095eaf23309,0.544,0.381,0.238,243,进步
9ef8a5baccebc3841cb2,-0.071,0.327,0.581,75,稳定
9f0ce6d4cdf9d1772417,0.224,1.714,0.497,137,进步
9f447b50d5788f7b4d0a,0.334,0.709,0.593,117,进步
9jq31h6i3ny1lx0mx89e,,0.081,0.351,172,
9lfh7vk4u8eh6zz1dmvp,,0.028,0.226,128,
9nfrfi8p7oktnfr9c30b,,2.133,0.167,155,
9npnusbksscam12fc4ut,,2.123,0.389,138,
9trgand057juzal1kecf,,0.022,0.327,145,
9wax6sfj9cuqbbxc95om,,-0.001,0.275,135,
a05da04117e032cb4977,,6.607,0.363,133,
a06fdb8743c4d4ef09fe,,0.02,0.423,109,
a0973be15e5e7116f121,0.327,3.505,0.418,121,进步
a0a1991396f865c9e3dc,0.502,0.017,0.226,467,进步
a0b36e07079573966740,-0.007,0.25,0.747,51,稳定
a0fa57995e3e8cdcc13a,1.582,0.354,0.481,257,进步
a108f1103f798c85d061,,,0.932,44,
a11b89c60677835e450c,0.378,-0.18,0.613,104,进步
a12c27630a75f6a4a64a,2.412,-0.166,0.263,215,进步
a14b9aa97f66fc82ede3,,0.05,0.343,190,
a1a127e2bf29c380819c,0.627,-0.125,0.561,99,进步
a1d00fdd7660b7e88077,0.381,1.046,0.393,132,进步
a1ed24a77c97b05064ef,,-0.038,0.296,124,
a1fa76b5d99a411d6649,0.183,0.058,0.386,140,进步
a2b5174e55754addcd68,0.401,-0.002,0.53,131,进步
a2f48a796e250a14ff55,0.287,1.696,0.594,339,进步
a30afe3tftu3pgsdxxdq,,4.736,0.226,120,
a337d5368b0d110803b1,0.431,0.08,0.645,82,进步
a34fbbb7d9a19eb82450,0.016,1.478,0.406,122,稳定
a3a0e2129e405aef3d87,0.205,-0.006,0.718,80,进步
a3c8ab369e2e928ed523,0.006,0.068,0.708,58,稳定
a3cd849a5a8d682e18db,,0.217,0.33,117,
a4bfb84ab74e59389e7a,0.847,0.012,0.227,320,进步
a55511198784610bf30b,,0.145,0.256,148,
a5966200ae4d58200438,0.013,0.017,0.42,144,稳定
a5c03c57b0930cb5c2ac,1.022,0.055,0.517,62,进步
a624e4f6e0a8f026cba9,0.1,1.896,0.561,92,稳定
a7fc1ba478db11fde063,0.045,0.047,0.514,80,稳定
a8350dcececa0b02dd14,1.716,-0.091,0.48,191,进步
a856f10303ba34926fdd,,0.043,0.318,133,
a867295d48d4b4134903,0.435,0.079,0.187,284,进步
a87767892344a954c746,0.419,0.572,0.324,274,进步
a8846b79555746e4f9df,-0.038,0.25,0.58,66,稳定
a8eea517e36b20757b2e,0.918,0.059,0.224,207,进步
a94a32ebd5f7d177053a,0.826,0.073,0.354,193,进步
a9554f5c3d61d05617e1,,0.015,0.435,167,
a959b7dd7f65365313a4,1.267,1.584,0.133,395,进步
a95a606f0110653858b2,,0.045,0.293,197,
a96027a83196027cf822,,0.111,0.396,167,
a9e1aff282e8d6356dce,1.327,0.172,0.32,121,进步
aa83cf5fc68c1dcb5038,0.668,0.031,0.53,173,进步
aai4o855shne2taonl8m,,1.684,0.291,142,
ac4d829c715fb0c36ad5,-0.188,0.181,0.773,47,退步
ac7214620207dfdd149d,-0.219,0.133,0.497,86,退步
ac896071204b0ce26a1e,,0.3,0.17,576,
ad29c5822807dabe497c,0.892,0.119,0.295,267,进步
adcc5c13042d66cbfc8b,0.43,1.084,0.515,208,进步
ade35014b25afed24916,-0.001,0.041,0.292,167,稳定
ae2e4cb7985c4ac71795,0.713,0.188,0.456,117,进步
af8dedf6ecb4605a09fa,0.496,0.088,0.373,307,进步
afc99b4940e933922aca,,0.017,0.305,176,
alj4azvv1eqg1cyr3ae3,,0.107,0.336,132,
amzij11bls4wa79p3cj8,,1.713,0.243,148,
ao2x473zwn7k7a6gpfr9,,0.12,0.25,141,
apxifjd35xfq6t47ysls,,0.95,0.329,137,
aqpg6qwtponj9ojmx6ls,,0.935,0.229,136,
avehb7ibwpvjcgcr474k,0.41,0.035,0.661,76,进步
awxiqzybhp95e08qx1h5,,0.034,0.3,120,
axunv0aihh5wvi27tx50,,1.643,0.359,130,
b050239b47c66a7280c9,0.737,0.543,0.456,177,进步
b083663157e08e36d335,inf,0.12,0.622,66,进步
b0a62c35bfc7f529e83b,0.67,0.043,0.519,125,进步
b1976734aee3bf129820,0.29,3.0,0.473,219,进步
b1b3363b7086aaa99b0d,0.082,0.376,0.588,78,稳定
b1fbf77b475e79c3d413,1.603,0.114,0.142,351,进步
b217bae3c84d59dde71f,0.807,1.423,0.313,178,进步
b21ec59d991586279d95,1.042,0.182,0.247,262,进步
b26aab632fd33a01020a,0.129,2.502,0.441,122,进步
b2imd0ms1p4fxkfcpygc,,1.614,0.254,125,
b32b82ebae5971dd48df,1.155,3.878,0.409,167,进步
b345ecad87a7fbac77ce,0.485,0.329,0.485,382,进步
b34d4dc5b6c5fd7c5def,0.152,0.149,0.635,75,进步
b37bdce835e610d26c0c,0.1,0.25,0.589,53,稳定
b3ac0cebf20ee45135ca,0.117,0.865,0.189,238,进步
b3e8039d33099e1d066c,0.825,0.028,0.636,96,进步
b43532c7a35b6aedd478,,0.099,0.572,53,
b4a2138f577d9306f593,0.055,0.538,0.146,322,稳定
b57bc31cac59b3d26216,,0.285,0.403,652,
b5863cc5a1b448ca1cab,,0.094,0.448,173,
b6808721d4a7900e360a,0.458,4.199,0.35,467,进步
b6b2f975de58052aae0c,2.895,-0.003,0.418,253,进步
b6ed77b2b3283f9379c8,9.119,-0.295,0.549,426,进步
b6nwoi7doh1m1yzbkxup,,0.705,0.314,141,
b79c2d9d8148403a3720,1.704,-0.028,0.278,341,进步
b7ef250772618a089b48,,0.871,0.223,215,
b7f42d4b51972267680e,,3.457,0.232,250,
b8162292f2171005c2ba,1.011,0.01,0.264,316,进步
b8290aea71e7a5421a02,0.111,0.199,0.95,43,进步
b8a4fd679898150ef87a,1.225,0.553,0.363,452,进步
b8c0c68e7f1220949deb,0.047,0.094,0.545,89,稳定
b8d20bc2e0d3d86f5613,1.686,1.383,0.457,170,进步
b92448e12093e45dc6ff,,0.489,0.159,274,
b93d9fe2a844b416581d,,2.753,0.326,141,
b9a8b9ee84232efd7d61,,0.247,0.431,129,
b9c7c66c8b57b9d3c6fa,,1.842,0.214,193,
b9d88af0a70c4ccb592e,,0.073,0.66,76,
ba563fef8484139dc84d,0.804,0.081,0.378,194,进步
ba8c301bda7090bda756,-0.043,0.049,0.623,61,稳定
bab3d23935ae4f8e798c,0.433,0.068,0.31,490,进步
baed8a816ea02ae929f4,,0.916,0.444,183,
bafdbc62a48daf6840c9,2.382,0.206,0.334,175,进步
bb3328d3b1eecb5e1a8a,0.517,0.177,0.143,454,进步
bc48d03763657ec4aa63,,0.238,0.394,269,
bc7286901f708e9069eb,,0.094,0.413,150,
bca2be7a89b9b36b45cc,0.294,0.026,0.488,194,进步
bd099a9fd29545e3766a,0.778,0.013,0.507,98,进步
bd657014cfd3fe7a8fe2,-0.095,-0.347,0.362,95,稳定
bd8eb49a6b08f5e66a70,-0.15,4.616,0.403,117,退步
be032ee60c336e4701e0,0.461,0.045,0.439,149,进步
be24259f2867b231800d,1.24,0.109,0.339,149,进步
be503fccbf0ae5532639,0.663,-0.075,0.324,161,进步
be52205cb48c05e10567,,0.14,0.121,55,
be75e05b9db5efb1258a,0.461,2.202,0.522,99,进步
bf07cdd92f1ff3197397,,0.657,0.182,263,
bfc3a5cb3b9c29f08176,0.006,-0.02,0.175,329,稳定
bfcf5965e6024248f0a3,0.924,0.106,0.481,98,进步
bfl1bc2oafd8hrz2xswq,,1.143,0.258,145,
bgvt5n1h0qt51ze0md7w,,0.461,0.097,130,
bt192zri52uj2flwikrw,,0.32,0.192,140,
buv73728fa9viqgrz5mj,,0.012,0.193,130,
bvz9hmtzknu45wvb0yaw,,0.028,0.364,138,
bwvpzqnhh752noqjqj8d,,0.082,0.273,137,
c00c91256ab1777d0dbc,0.625,-0.077,0.28,266,进步
c08165d73ae49215c391,0.131,3.313,0.546,173,进步
c0884e4814b0f32935f8,0.306,0.204,0.769,49,进步
c16e14d7aa5b4ef519e3,inf,1.12,0.669,66,进步
c200d8d792314a9d3575,,0.055,0.276,181,
c20c86d30d19b39745e2,0.193,0.203,0.521,159,进步
c24bc0aaf20c79d2dfda,,0.349,0.277,185,
c352158bed343ccff8e5,0.309,0.226,0.311,173,进步
c35834f349db8ef7c591,0.129,1.241,0.141,330,进步
c3beec92b66ff78a6ba9,0.161,0.134,0.27,199,进步
c42aff1f9940e24491cc,inf,2.072,0.438,96,进步
c4ffbc0ba8c38e725fc8,0.282,1.002,0.615,78,进步
c53129098375fc7f17bc,-0.054,4.032,0.111,349,稳定
c57c5ca2df494f27ca64,0.985,0.082,0.681,141,进步
c5b9961e65ffa73d971e,0.261,0.025,0.207,227,进步
c5c5601b771f1b4491fa,,1.923,0.494,100,
c5c5e10586e94f96fe95,0.524,5.717,0.262,233,进步
c5d83404b165578ef794,0.164,0.917,0.483,102,进步
c63d5a67687762a9f967,1.018,0.546,0.505,165,进步
c681117f7f586fd730bb,-0.055,0.543,0.441,182,稳定
c682f6819dfbfc964bc7,0.791,0.873,0.455,219,进步
c6ab0de398cfcbd21dc5,0.924,0.75,0.303,109,进步
c7bb8ace7e79b91b3346,0.494,0.074,0.281,153,进步
c7c79725138f07b9c265,-0.045,0.75,0.127,495,稳定
c7d5a3256a9f99ba3e98,0.7,0.481,0.27,166,进步
c89e8b7b18082e2fa6df,0.55,0.08,0.255,226,进步
c8d8f83d06b68fc2f944,,1.029,0.35,172,
c955c51bfd07134bc831,0.249,-0.0,0.49,126,进步
c99e6802625540e4d1e2,0.707,0.255,0.382,90,进步
c9c946fe211251af32d1,0.747,0.135,0.345,188,进步
c9c9f0b7606030f2aade,,,1.0,38,
c9e6e9322dd7054e618c,0.2,0.043,0.494,86,进步
ca10145a308249ed82e9,0.559,2.015,0.472,132,进步
ca66ab7e59628143cf1e,9.127,0.024,0.278,99,进步
cac3f85073c947532796,0.464,0.03,0.43,313,进步
cac84b1c3033872272f0,0.506,0.493,0.327,153,进步
cad61c88146ec4d99a6d,,,0.167,6,
cade7d478dac7020a79b,,0.024,0.344,147,
cafe5989da5dfed9f404,,0.139,0.201,405,
cb2fbb322cc30a8b8fef,,0.162,0.25,186,
cb65e2038b786e801292,-0.054,1.715,0.85,55,稳定
cb8c2285066597e012c6,2.27,0.143,0.209,125,进步
cbc8550ffaf44443c7ad,,5.74,0.221,171,
cby6hsod14blxr7zyfjs,,0.342,0.215,150,
cc317db3f3bb874542a7,0.57,0.128,0.425,178,进步
cd6355bf939a47577f6d,0.362,-0.013,0.379,604,进步
cdbfb55b48cefce540dd,,0.142,0.529,80,
ce1a32f22b91f4d81015,0.528,0.063,0.26,210,进步
ce9dd8f1570caa0d6f5b,,0.061,0.112,380,
cef765c4375252a6029b,-0.769,0.113,0.262,108,退步
cf73246d819a1ea78e14,0.325,0.812,0.395,150,进步
cf7f9c2c6872be9bf2d6,inf,0.065,0.443,213,进步
cfaac49f7cc94528ffa7,0.132,0.107,0.714,97,进步
cfi8t4xrx12m2lt4flwz,,0.524,0.244,150,
cgydhui8n3uoxbq5rznl,,0.087,0.232,138,
cm2celd9hmos24j2a5cg,,0.705,0.259,120,
cmy2w5due4kl6pn6uia5,-0.031,1.823,0.165,141,稳定
cnkddx6ofjqd7ueylz0e,,0.04,0.245,151,
cnqyqc90n3ixrlc3mri7,,0.069,0.335,126,
cp4d94b2v0ws6am7mvuw,,0.148,0.25,120,
csvv3l0saxxx6pax18c3,,0.833,0.285,120,
csxiwtz34vm9vr0kbryx,,0.108,0.24,164,
cunf3y04zq0f90dgy36j,,0.036,0.256,149,
cuwakm24vlp785ky5w71,,0.057,0.206,166,
cy2sv8kkoybje2okbll0,,1.266,0.219,139,
cygc6ulxpz04ex7under,,1.678,0.352,137,
cz0pbk8vede7ey2oce4a,,1.408,0.316,158,
d02f48d05ce5e7ca16e1,0.534,0.578,0.4,139,进步
d035c324a020e7948fe8,,2.16,0.266,179,
d059dfed16a6d1ca6ddf,0.734,1.201,0.356,177,进步
d0a933a514028d777578,0.142,0.076,0.362,126,进步
d103bd9455fb9258c805,0.032,0.049,0.336,120,稳定
d16ht4y29lrac1brhwm1,,5.049,0.217,130,
d1df92e9d19fb2f22ebb,0.86,3.436,0.291,429,进步
d1e44a91dd4f37c03d43,-0.052,-0.071,0.319,134,稳定
d235a2c32940b970ab7c,0.016,0.173,0.756,50,稳定
d2403aa287eb869a170a,,0.163,0.242,437,
d27565678ffa4a9bfa85,,0.07,0.235,115,
d2c5423ea5fa0a995264,0.38,2.223,0.409,112,进步
d2cb0d0da17471ee23a9,0.961,0.163,0.357,189,进步
d2e033f11edce44fea3d,inf,0.018,0.423,96,进步
d311ac015e2e230935b2,0.903,1.778,0.486,100,进步
d33a15d480f68c6ec82f,0.174,0.015,0.373,152,进步
d3ba1fe030801d700cb6,0.602,-0.014,0.363,154,进步
d3e269bf68d51851097c,0.73,2.604,0.265,284,进步
d3fd2319c0f3aa00c371,,1.215,0.511,108,
d3tt41de5iashfjr1txr,,0.052,0.294,124,
d45eea92ed42431d9076,0.533,0.073,0.603,94,进步
d4d7a248a58363732f8e,0.682,6.563,0.41,157,进步
d4geyy1ox6qzlz4ibz0z,inf,3.746,0.235,130,进步
d4xny47ows87zd7viwj5,,1.143,0.244,158,
d5067bceac0ffa5e4704,0.361,0.068,0.482,81,进步
d52b119f8da2a1812722,,0.068,0.236,165,
d536120baaef5495c028,0.858,-0.034,0.358,147,进步
d53a4fb612fb801fff3d,1.333,0.023,0.34,197,进步
d554e419f820fa5cb0ca,0.538,3.542,0.319,111,进步
d6d4488fa27e11465974,inf,0.004,0.753,61,进步
d6d6e7da792fdf0106f0,,1.319,0.478,122,
d6f3f410bbb24244d270,0.487,0.112,0.477,167,进步
d6qgzp196pwnzk7agyn6,,-0.007,0.323,163,
d72abe041b8db9118e70,,0.106,0.352,113,
d7464b55181ef45e2d63,0.544,0.099,0.528,222,进步
d76c58732e315933a6cf,,1.339,0.618,79,
d7ad1a5f3ab7d6237f8e,,0.929,0.157,365,
d8ed5a1897987ffdeaed,0.29,0.055,0.453,126,进步
d93519b044de1fa037b0,0.292,0.157,0.71,51,进步
d94c5dba40d9fcbfb8d9,0.116,0.296,0.4,154,进步
d9dfc134efd3826bdaed,0.774,1.067,0.407,131,进步
d9qmlhyp13mf5nto4qih,,0.751,0.26,153,
da2199a7da15995db5ff,,0.024,0.329,119,
dac03bcbefc3a08c8b50,-0.364,-0.012,0.531,103,退步
daf693769d8638a22ee9,,0.096,0.288,128,
daty5mq7b20bkt2c2zfs,,1.109,0.185,154,
db0241cf536c2174d9ed,0.298,0.441,0.272,248,进步
db0bcf208cbed26d0bfe,0.198,0.108,0.769,51,进步
db2418c575c0a4f7239d,0.81,0.063,0.423,163,进步
db54f15d48fa56b0d953,0.626,0.035,0.536,124,进步
dba2bc2a15c1e8d696fe,-0.017,0.909,0.438,111,稳定
dc83f9577ae72447a7b1,,-0.045,0.185,318,
dc93d7d840a88e5efb17,0.195,8.36,0.388,186,进步
dcd0562f8fb44933cb08,,0.044,0.465,84,
dddd7ba8769cf90bfd62,0.536,0.051,0.531,124,进步
de5213e7b8c88440a298,0.63,2.297,0.365,321,进步
dee7cfe3312551bdf5a5,0.185,0.696,0.411,109,进步
def1216bf8f3009dbe41,0.914,0.022,0.753,159,进步
df02e3643bb9ee33fb0c,0.204,0.046,0.61,124,进步
df62b7675d1fdb8e6b11,0.438,0.055,0.396,137,进步
df784e67883e018f88b8,,0.463,0.496,79,
dfa917b9dc15c87ab016,,1.466,0.249,622,
dfnvtf7qbi2955rjeaqx,0.333,-0.01,0.419,150,进步
dgoapkg9vpnafks22kx4,,0.071,0.361,148,
di7sclw5samggg4sxipv,,1.334,0.255,148,
dri4ey8he2jovloucu86,,0.34,0.176,125,
dt7s87imgsbma3l5scym,,4.138,0.403,144,
dwg6k0ka5vuwzo5h11m0,,1.556,0.238,153,
e00bc7d9f2ce32c4f745,,1.521,0.295,200,
e0be3445997310f4d68e,0.325,1.325,0.195,324,进步
e103cf810dfba59d0431,,0.266,0.242,156,
e17f01453906e3ae5716,0.893,0.149,0.251,320,进步
e199ddadaaf5aee02eb8,inf,0.061,0.503,197,进步
e224221a9971f9f45489,0.424,0.232,0.434,207,进步
e22c18eef214a779b4c2,0.316,1.14,0.353,197,进步
e23ada44d3eac9b465d2,,0.055,0.611,91,
e28711e2f5500d3d6b04,0.38,1.733,0.061,657,进步
e2d7ee3637149f7087b2,,0.091,0.287,227,
e2ea6dbbe90983dbb208,2.024,0.141,0.366,217,进步
e2ee4818284ba527ef0a,0.835,0.04,0.466,95,进步
e324cc9cb52a2b3cb9cb,,0.095,0.1,262,
e37bbe9fe37f92b785d9,0.646,0.058,0.465,235,进步
e3b920878572dbcf8c9e,,,1.0,38,
e3ce61b92eeae0a33633,0.831,0.017,0.528,86,进步
e3d0782396c346359a8f,0.728,0.059,0.495,116,进步
e43a0e28d5cd6b54a2af,0.27,0.054,0.551,90,进步
e43g7im7dra88a4o8bbl,,3.847,0.271,144,
e4af37199530e9ea523c,,0.739,0.158,260,
e4c80506c14da4ad563d,0.485,0.738,0.346,159,进步
e4d6737b176e6ca5ef06,-0.045,0.232,0.292,192,稳定
e50db74322430aa289b1,,0.134,0.197,148,
e58gk2f3crnwqnx0gett,,4.119,0.392,130,
e5b30ace9334d153e076,0.26,1.424,0.188,222,进步
e5cab2ae37f3a9ed4f46,,0.128,0.358,141,
e62f7655cb5259abfbf1,inf,0.089,0.245,186,进步
e6b9a4292b6a8e8e0ef0,0.056,0.441,0.791,52,稳定
e6c8ce7f4d7b0b4ca4a6,,0.162,0.301,179,
e716574233e87591ff19,,0.078,0.147,265,
e73ae5f649c6f52b3fb1,0.612,0.039,0.443,154,进步
e77eaaa90a75ea6167f4,,3.819,0.287,150,
e7958857e7d2292ffbc7,,0.167,0.192,159,
e7feb8599ea5f596aeac,0.452,0.116,0.48,125,进步
e851f82a650692f8e591,0.143,0.035,0.234,211,进步
e865c97bc96802575f80,0.734,0.975,0.174,427,进步
e86f896d71d48d87464d,2.857,0.181,0.45,61,进步
e877c03b218bddedd3b8,,0.026,0.184,147,
e89cdaa3f159a0d3f55e,,0.075,0.138,633,
e9b6fa8a87469779d732,,0.024,0.266,251,
e9vzigim3qs88f721ohz,,1.243,0.298,137,
eacb3353d7bc80cf3e7a,0.018,1.581,0.528,92,稳定
eb4493aa138e8edc3f6d,0.365,-0.0,0.268,180,进步
eb93cedc17b4eac76750,0.286,2.897,0.287,180,进步
ebe7a295f61c831b0093,0.492,-0.123,0.693,188,进步
ec4897070f2d3b6eab89,0.493,0.144,0.573,116,进步
ec5zb47nxjbuzemc81p0,,2.268,0.19,156,
ec86426a6e0331d06091,,0.076,0.449,102,
ed4b51eb098deb0ba58e,1.128,0.309,0.305,156,进步
ed5a13234f04cae4894d,-0.37,-0.056,0.539,54,退步
ed94d52e091b68ca5ee5,0.384,0.285,0.515,207,进步
ee07cc24589beb775d33,0.662,7.72,0.408,208,进步
ee1ef9674f9e0bfca48b,0.536,-0.001,0.679,65,进步
eec0307b4d47609d6933,0.817,0.098,0.224,370,进步
ef04ejvyvmh5votejbif,,0.047,0.24,150,
ef133c92e274a97b6eeb,0.029,3.004,0.635,68,稳定
ef912a5602a5f70b244b,0.339,0.933,0.535,86,进步
efb9fe363bdeb9f48d69,0.658,-0.008,0.567,102,进步
efd58fbebca61c41c881,0.0,0.407,1.0,37,稳定
em248gxmeso9cw0wzlv8,,0.088,0.216,150,
emnk7ob7xxxdiph6fun3,,0.198,0.297,151,
erjfooit15024g7nj8co,,3.278,0.346,137,
exaiz0y0uvpeg498cg4j,,2.181,0.282,138,
exj3a7hd6gwihbowgm3w,,0.074,0.167,143,
ezdogkk0jqt4nvvvbnxp,,0.571,0.327,126,
f05247f3d32a4bf5a6df,0.371,0.063,0.168,351,进步
f058870b1bc33e288e82,0.788,0.388,0.47,136,进步
f06c3ddb1a98713eeb32,1.3,0.039,0.249,268,进步
f1c1c0932bfeb74762d0,0.464,0.489,0.135,445,进步
f22c9341431a6123f670,0.224,0.243,0.32,129,进步
f25a777dbbda3d4314d7,1.079,-0.003,0.439,146,进步
f26c1d520ac39293c68a,,0.479,0.155,438,
f286ac7cd0663855cc5f,0.348,2.68,0.325,148,进步
f36a755a3fa5db5c0743,inf,0.088,0.335,156,进步
f47eab262dd5809d4d60,-0.051,-0.038,0.383,124,稳定
f4e46ba446c56e56259b,,-0.056,0.233,161,
f50dcd09709383fea95f,,-0.013,0.328,197,
f527k17lr4aumahjtj92,,5.788,0.087,139,
f5c3c6eb77fac482de13,0.397,1.217,0.521,85,进步
f5j3cojh9fr5gvylr0yi,,1.707,0.166,142,
f5jwwahac3fyc6rq5tex,,0.936,0.251,140,
f63cab44b941c6ca80d6,,1.792,0.246,222,
f7a14eb1e15ceeea955c,inf,0.095,0.422,166,进步
f7c4a29d42220e1cea27,0.378,0.993,0.395,148,进步
f81f52969ef1de783de3,0.148,1.201,0.306,162,进步
f82461b84c9c48a36613,0.704,0.11,0.374,170,进步
f8c2f04e8e116f0fd237,,0.058,0.377,348,
f964ee6bca634319a68f,inf,0.091,0.343,278,进步
f9c641e9c05c243a751e,-0.085,-0.066,0.209,157,稳定
f9d95830556934ae9a01,,0.011,0.341,241,
f9dde99f5db421171b51,,0.484,0.063,533,
f9ef2830cd485d038b53,,,0.935,31,
faa31dca7ed1dd11fe44,inf,0.278,0.252,436,进步
fabad359607dabbaaed4,,0.394,0.339,129,
fb4411db1aac3cd2544b,inf,0.106,0.26,138,进步
fb5d5693ffa9f022a191,0.346,0.045,0.499,92,进步
fb735wd248crm37cgmgw,,0.077,0.334,126,
fc1c9dd58091c33d8888,0.21,0.068,0.163,388,进步
fc39de3859d890b9693d,,0.861,0.31,223,
fc5a9edc3413ecece4bd,inf,0.538,0.693,76,进步
fc916744a3bd5120978f,0.762,0.629,0.294,169,进步
fcf6463f948b24ac7cd8,0.327,0.236,0.394,120,进步
fcwom6dicy0kov3lxsf8,,1.732,0.264,147,
fda1eaffdfa7350e5d97,,5.44,0.196,306,
fdd50b3ad56dcf116c82,,0.431,0.411,100,
fdd714a996ac8bd8006d,0.158,0.124,0.763,62,进步
fe40bd528b4fbbf591e1,,0.106,0.33,205,
fe5cf715d9c94fc7779e,inf,-0.043,0.347,77,进步
fe752a6d1aa3d710d738,,0.077,0.325,251,
fef67841144f4c95a6c5,,-0.015,0.466,77,
ff2d815d9ef74b153b54,0.356,0.07,0.617,106,进步
ff59855075a6bc39d62b,0.434,0.158,0.566,76,进步
ff63c210b94623453b5f,,0.021,0.296,262,
ffe3886e3e3bab0249b5,0.759,3.305,0.541,176,进步
fkenlzdweox7v0zaopqo,,0.024,0.24,124,
flde3irykh8wauaj2fuw,,0.043,0.238,134,
fnvhgnuqbir0drk8p1v2,,3.659,0.261,122,
fov3pbwdqzvhgcjp7o9f,,0.198,0.329,158,
fqcud1c5mt7pdp9w0v6y,,0.095,0.218,118,
fvlb9xi66oze7eo3yhdh,,0.004,0.403,157,
fvqo3hum9a1rl6rxbyre,,0.743,0.248,143,
fvurnsqlgyr9zbd6msqs,,0.208,0.24,129,
g4l5baozrnfblxayrhox,,1.042,0.266,154,
g5wbnnhq1jbyc32q3003,,0.096,0.283,142,
ggweeccb6anw0j3y32t0,,0.441,0.242,157,
gj009a2t56bxjluh0mox,inf,0.316,0.284,168,进步
gk8izwg77g6t4p5buiar,,3.351,0.216,133,
gm1xiqmop9j2d2acc2jg,,2.373,0.158,141,
gq3jw96afgct5rjiim20,,0.954,0.321,141,
gsirdbny6840zq22vo7a,,1.484,0.281,159,
gzthlilac9ixoayq02u1,,1.235,0.265,152,
h6miro3m8713s3dxuipr,,0.018,0.255,136,
h7i4kmpsra4szfbhrcbh,,2.335,0.243,140,
h9urbo4ce8x02brjnloz,,0.012,0.214,131,
hc0idvz0lxc4zpx94cbx,,2.801,0.292,129,
hcm6w0jxnfqhkpm745cu,,0.055,0.317,153,
hhplrx9xd7cm2w7aslma,,1.274,0.159,154,
hjcfqm1yfzh8s77mo3ec,,1.014,0.315,142,
hkk3qiui3e3r969oyfhf,,0.046,0.211,157,
hoedc2pzfz6av5bn1jq3,,0.009,0.327,132,
hpb03ydulnt2b9ffa0j2,,1.889,0.211,146,
hpty3h6eij2tr467ueks,,0.616,0.198,120,
hq2dy5tjgczdmkvq0l2d,-0.111,1.813,0.833,50,退步
hu267zw9zywa4ew3d5bw,,1.057,0.286,168,
hva2hcwvh4mv0i4t59t6,,3.822,0.29,127,
hz3im1vs42bx5rxbn7wh,,3.72,0.208,143,
i1fr7kd71b2ni39kn958,0.254,-0.007,0.217,133,进步
i21qi5qdsjqcch2xvdd5,,0.019,0.201,151,
i39gdpglcxstun30b4yw,,1.316,0.307,133,
i3b6qk80m9jqwgft968o,,0.723,0.279,128,
i5hexmb5zlzhd8lvwdv3,,0.016,0.278,122,
i8gdglua8vbd4ul9x09f,,0.052,0.358,148,
i8lx9f5ut0kaz120j30d,,0.255,0.249,129,
i8ryguu9cpkrb6ouhwqq,,3.166,0.426,163,
i8wbhc071gfhkbhtmeb1,,0.684,0.357,125,
icu31mfcha34dnwbsui2,,1.825,0.291,118,
ifj584ryrjv639n4nnsu,,0.088,0.239,144,
ij9llitbhr4gi126l772,,0.785,0.239,159,
ijieo064jbrs5ss1cmol,,-0.021,0.218,139,
ik7o5ykfnku0qp74sy1i,,0.021,0.314,134,
inyirhdpjahiguhs9e5b,,0.021,0.227,149,
ipd72mytvphpd9tcejgb,,1.18,0.31,139,
iqhpwbqkqi7kugzduhit,,0.395,0.285,150,
isa355t9q5rut5fm8aml,,0.229,0.284,142,
isavn2ahb9n5z1q8win5,,0.031,0.276,123,
iwjs5oi2pl8omkdrs53q,,0.625,0.279,145,
j07d6onchxesk14v7b8w,,1.612,0.214,132,
j605t14y7ie6vr2n8s2c,,1.003,0.263,138,
j8inicu0iafkpv3u9431,,0.078,0.244,140,
jb3fqd2b9oyprn83h646,,0.545,0.242,143,
je7kqkmpwkosa7nkgfpx,,0.04,0.256,137,
jhmn3s11l13woe6jy3zg,,0.847,0.227,166,
jivt017uwst4sg4fqlek,,1.779,0.149,131,
jj1jl4nhnkxllubypoq3,,3.472,0.181,138,
jjx780kahllbp5y3x7p8,,0.107,0.271,153,
jnupp0jsv1kjsvbzlnrr,,0.659,0.148,118,
jsmqh4aa20rpfeqmyx4h,,1.973,0.293,132,
jtbq3gkfw2tcsjvfwm56,inf,1.416,0.316,142,进步
jv67r7eqa9z2a1777eex,,1.64,0.299,150,
jwdjcrxdn0um79f0rjvw,,0.069,0.281,134,
jyaxybaq8vui614ytd8i,,0.083,0.262,147,
k1r03pvvsv9zxrft5jgi,,0.777,0.218,153,
k4usquerebza4uy0i57h,,0.096,0.189,131,
k6jujv82n727fuwbxa6f,inf,4.076,0.382,153,进步
k6kv9y9tqfll5d282ymb,,0.597,0.352,141,
k7fa3kdg6dq9avbiqv1f,,0.335,0.216,149,
k8d21tlgxmu6i35atvub,,0.081,0.274,155,
kg28tppvvsvr918dkvlb,,2.045,0.238,119,
kilhyvtskm84umerpjee,,0.038,0.234,142,
kpw433bcv21ksp1wgrux,,0.023,0.286,141,
ksm67082xy9g2wnalt38,,2.164,0.343,151,
l1rn095adguamaugi4ux,,0.649,0.383,152,
l2yv9tvvcakn7ikerccy,,1.157,0.293,132,
l41f9f1gb0y5rxcqfv64,,3.287,0.152,132,
l82rq4xaymt7t5uytax9,,1.706,0.176,132,
lewkf2owb42ywhfto9yf,,0.503,0.211,147,
lexte4gc3dvjb7ty0qf5,,0.015,0.273,141,
lf5hmkicbiuolk7khwwb,,0.669,0.238,149,
ljylby8inwh5b93wkean,,1.045,0.188,148,
lpzjucfyqwtb8ihim9b3,,1.847,0.212,144,
lqg2nmqf4x8w52gx12xw,,2.174,0.252,128,
lqm8jh0uggps7yd0lx2x,,1.62,0.191,133,
lswzzwjmreuixxjqglhy,,1.672,0.185,137,
lvp2qmljigke8u0nfbvl,,2.976,0.181,133,
lx7vfcjhdxzh2wkt42hc,,0.551,0.269,158,
lzvutqpj9ggc0nwwsxcv,,0.088,0.267,141,
m380dsj058viwn3ly6j1,,0.411,0.293,135,
m3xzctvbxlbxz80zz042,,0.042,0.197,135,
m3y8jkkgflwqwcelrwzz,,0.037,0.264,133,
m4qqnaq8p8fn7b7bl5ic,,1.874,0.262,140,
m6p2hujqw21vc4lyt3f3,,0.561,0.106,134,
mbbw64iibpv7ndj2iie1,,2.893,0.257,138,
me044us8pj1824r4dye2,,1.368,0.161,159,
me4d1o3nzhyoj0xfast0,,2.176,0.233,128,
mhufhb84kyqgs0anwy1d,,2.113,0.237,137,
mm5p2ct8c21h4q753p3n,,2.239,0.317,147,
mn8t0yyppsznr674ic1a,,1.021,0.207,140,
mqqf68ny1kdp6i69i7tt,,0.061,0.21,138,
msko5bf6rjt9adsuxby9,,1.873,0.283,153,
mwmft9w9vjod1g7jidmb,,2.227,0.382,142,
n1nh33yq3nhwt4mx36yc,,0.528,0.341,136,
n20d6b4o2g64oaa3q8ym,,1.583,0.288,152,
n2bgnbybijni2e9crs4x,,1.931,0.338,129,
n3dkt0eq0ekpby9lv06i,,0.961,0.473,128,
n8pe3tt7qmlgojwhhsj0,,0.072,0.21,113,
nd9xpohv0s4ttw0o7fts,,0.913,0.196,144,
ng2c52g74hfaudyxmm6m,,0.092,0.259,165,
nilkp0a54b01p87udccl,,1.136,0.324,132,
nkr2o4v6q9alvt7ju51e,,2.721,0.204,141,
nl4vt11ikn4we06zu0zj,,0.053,0.336,149,
no0afrue2n6m8hcnuek1,,0.301,0.355,171,
nq4jln5s1zqjk7nwbbeo,,0.048,0.363,101,
nrv5a6tr3ya2iv3p5xpo,0.163,1.021,0.31,127,进步
nx4zicy1jbulkuen41s5,,0.016,0.262,153,
ny6yox8nvtlotclebkk8,,1.123,0.27,137,
o3jddioub8dsv0fm22qn,,1.694,0.211,130,
o5lo8q4tb8yt0v8imkw4,,0.024,0.258,144,
o6kw9thwvq6csdr9taal,,0.97,0.272,162,
o6tn58jvkqobrz2qmf5i,,1.358,0.29,142,
obyl72l5qy37to65i5ml,,3.174,0.289,158,
oc0ww31yssff9rktgowo,,4.109,0.257,152,
oi7j42phxrp4mc1n9h4b,,0.195,0.249,122,
oit2xadfbpuveswzx4pf,,0.288,0.209,131,
omzalmrzys0ymf4cgt03,,2.583,0.306,158,
oppl3ojvw61dvd5yw1wl,,0.33,0.274,173,
orgvbr9mbmfo4z8tbsa3,,-0.056,0.296,145,
oriig6s6fmvi4f7mxamy,,0.41,0.272,159,
orubxhpr5e1heat93ue4,,1.891,0.21,135,
otznu9tyqq50x0xij3br,,0.595,0.18,139,
ov1tvylbnny48ojayssl,,3.295,0.309,139,
owzdfs89mm4ci0382a3b,,4.206,0.3,142,
oyaoqkf2b1we4b67bv8l,,1.076,0.228,149,
p10d5vx8mpn0v82i51gp,,2.843,0.252,155,
p3cs5x8cxrwubesmagvl,,0.893,0.264,157,
p58nsuk0hj5uh2xk2k9p,,0.82,0.262,137,
p611flt77czmqgut14jl,,0.7,0.222,138,
p6cp3ogj6xy2riczfupv,,0.031,0.252,135,
p8bk6cdfntr0humt6q45,,0.808,0.34,128,
p9a57kwg5xdwjzm8eql9,,0.921,0.326,133,
p9enp5lzhiufas1xpd8p,,0.63,0.212,130,
pammg9gw4enjosw3z60e,,1.606,0.275,134,
pg8ucem69ixbqhznx0x2,,0.025,0.203,116,
pgknalznufvmvwgc1ca8,,5.043,0.212,146,
pgrig4vo54owe59j2j5f,,2.927,0.261,143,
pkjom9yr5m9690fg6wsi,,0.043,0.313,124,
pr6b1twg5sgsrzek6adi,,0.076,0.193,157,
preni1j2j1gkvq1knpag,,0.847,0.227,124,
putb7ja6dwpdag4bwvnj,,-0.004,0.31,148,
pv0c4za1m616k25gfwfb,,0.043,0.284,142,
pva49fsfcbexwz1crjvg,,1.871,0.225,132,
pxnnkthuxasggux3hyae,,1.396,0.307,148,
q1movls9kc4kglv6sb5g,,3.806,0.377,147,
qaubz3kt65qtoit8g4vi,0.376,2.929,0.36,143,进步
qd5cqu3du8n28xxtkftw,,0.064,0.372,162,
qg0soq1i1uy7yndj17gd,,1.048,0.225,121,
qkc2f9omqulfmn3j0m9p,,5.733,0.291,132,
qmf8702zbahi9083s7aq,,1.796,0.284,138,
qol4cum3ewnz45dzpijx,,0.823,0.305,145,
qrrck1nnty89cmohw40b,,1.115,0.313,124,
qu1rl2d6teeyti106rgx,0.239,0.548,0.285,131,进步
quam8ci0euq2dz8xldzz,,0.462,0.269,148,
qw19zri3d9vkqjhcn3xk,,1.013,0.267,111,
qw1seyo5nrhlm8vby58w,,0.067,0.165,147,
qxnna0of95m3oebjc84f,,2.94,0.191,132,
qz6jjynwbd3szlp0rj04,,0.101,0.222,133,
r28s9kyo7knrvytyvmt8,,0.37,0.316,137,
r3uk44zat2tcyj5wmojt,,1.602,0.234,152,
r4oklg89q3yx9o2dfq3q,,0.402,0.241,122,
r7embk7pqzg5g5p245x4,0.27,1.571,0.284,148,进步
r9m46ndmmmzeeehft96z,,0.979,0.303,141,
rb8z9vpc5uyhbcaa71v5,,2.056,0.227,159,
rd32gyblqsfn03xatnmt,,-0.021,0.272,178,
rd4p70jwu852pbdjwl2d,,1.722,0.277,139,
rdf3wmujcm1k56ftf8uc,0.253,0.67,0.367,145,进步
reo07h0d5zehmotdlz2w,,0.029,0.293,120,
rgl39qjfatpnh3v4o28m,,2.147,0.227,159,
rq44ojyrvdtad0tzsm32,0.064,0.006,0.238,169,稳定
rsclhbtmbxt0xrye64ax,,3.105,0.252,140,
rufanlg0slv70u876a05,,0.463,0.28,155,
s0vfgmhobw9jq6al8iww,,0.058,0.19,135,
s8uk59p9w5ck47wlw3ea,,1.464,0.243,144,
s97masc6nt48h4ly8s1w,,2.281,0.257,141,
sbb3va36jvpkdpj257ek,,1.235,0.371,143,
scl0uh5ig9ehluvs46h2,,2.159,0.315,144,
sdun9fmcol7sud39mllw,,0.402,0.225,160,
sf30f3p1koevnfztc2pd,,0.808,0.218,127,
sfmngecoi3b7ahvhi2k6,-0.113,0.026,0.416,89,退步
shtnl1wh1mconb8od5ko,,0.04,0.339,136,
si6ymh6w7xbo2f40o0p8,,-0.002,0.319,142,
sie4alrjjjvlk0w9ye5l,,0.971,0.295,158,
siv6gzi7una85o8fzrwi,,1.49,0.248,137,
skyax9iocbd5gzronpru,0.454,1.194,0.343,157,进步
slmfpw1fyabrtys8ufg9,,0.09,0.301,122,
spyu1at0d9k1wxtenlhe,,1.877,0.227,143,
ss27ig83t1pi1ztsy5w8,,2.08,0.331,144,
styld7k1gge5cvjria5b,,0.196,0.289,126,
sushd67p0jy6f04a3h0m,,1.338,0.26,135,
svxexhg20hs3bbqd4fm7,,0.042,0.196,142,
sx57v4y3hp52f9selxdo,,0.912,0.285,143,
sx8c4g672zgcw7w2lflp,,1.001,0.277,159,
t23e5lcdy5k50uvg5k0v,,0.621,0.269,128,
t3wo8xb4rq94n3fpfk35,,0.036,0.261,142,
t5uf4x6hffga8in2ua6l,,1.214,0.225,149,
t7x7ydt3u1cd2svfvk4q,,0.152,0.343,133,
t8a5fgt3wo8w18amulu3,,0.035,0.291,109,
t8sflynjwck4f650mtvp,,0.42,0.279,141,
t8zrwu8iwkcdnwf3ruse,,2.424,0.189,152,
t9a891e0764br5ujna1a,,0.031,0.225,151,
ta1gbqs6pw15bx0jb5on,,1.762,0.225,138,
tbypawuj167ycyvg8sc2,,0.438,0.311,129,
te17utf5x961ldgs8zwn,,3.012,0.232,144,
tezxtgugzffgu5fxr0cz,,0.099,0.265,149,
th28zykgzvfex40v22hz,,2.537,0.214,149,
ti44fbogdeqbfflbizj7,,0.81,0.384,129,
tndsnutlm99ld8f4uya0,,4.869,0.341,131,
tp8x8dgd7d6dhpth8xni,,0.292,0.237,126,
ttsjumez81r1ot6tfe7n,,0.035,0.334,122,
tuidsy7wcktf3jppecp5,0.339,1.813,0.261,158,进步
tv0sptqq56ri3dpcd9nl,,0.6,0.18,164,
tvsgkf4oqh769h40lj43,,0.011,0.217,154,
twa56vh9h75mwaqdma1y,,0.803,0.351,141,
u2rchqp6tof1bkr07izf,,1.235,0.262,125,
u968v341lom8drwdzqqj,,0.186,0.15,143,
u9owl1eky0jf8t3nc50o,,1.156,0.193,151,
ubi6gd21j9e9rw46hoz6,,0.761,0.261,138,
ucxxvfcovdwuokyswife,,0.109,0.221,139,
udbo68xozj9btqumivk2,,1.923,0.291,133,
uem908xkm2x04s4iu84k,,0.8,0.285,132,
ugaiak78ggmnku4yndlt,,0.082,0.244,133,
uhky1uwx18u1e4nixzzf,,0.046,0.233,143,
uhthvh60xp911d47x7xm,,1.198,0.221,140,
uk8sadmdmw8p7e22l2yr,,0.105,0.279,166,
ulowmljtsh72z64haltq,,0.098,0.177,136,
uon3zzl9a1zr5zmeodmr,,1.32,0.369,131,
uvh2zil455wi0dcdan51,,0.101,0.257,152,
uy29im7a6hnc34lfp8ae,0.377,0.032,0.33,144,进步
uzk23hynw87co5ru0tr8,,2.533,0.309,163,
v4k20n9xryqdpe6fx42x,,0.852,0.325,137,
vbgs2hp7aiiw880dpm1s,,0.979,0.463,142,
vcw0s2e0akak8rqunatk,,1.527,0.255,140,
vd2j77wynysztt2wbv2v,,0.706,0.272,122,
vhlntoniujqiclub2juy,,0.055,0.244,130,
votyzmo33yg7y89dag17,,1.135,0.207,132,
vou4hlfvp8hv0r4odzq6,,1.224,0.323,136,
vqz1prz6hwnqepxsieip,,0.027,0.267,134,
vrdxefyyyx3tkticfqnv,,0.045,0.211,150,
vrx3ianblcyuixzmhzl2,,1.078,0.194,152,
vwyziyyebvsje4dqjsrp,1.187,0.066,0.514,125,进步
vzdurh8f0rfus5h4bde2,,0.091,0.277,139,
w0u7vzowm7eimiupvmm3,,1.258,0.222,146,
w1uwjc89gv68yxkutpoe,,0.162,0.176,143,
w9r5wihhl33fmutbq5qd,,0.56,0.249,150,
wbdvbdebq64ujpi9u7mn,,0.107,0.35,134,
wf7yq9n2spgto3w5ad9r,0.543,1.973,0.23,139,进步
wfsgbko6rfmajn85khu4,,0.068,0.272,124,
whzjoeh34i7o86p37u99,,3.223,0.37,141,
wi36b9plgjc82atx6z7h,,2.285,0.269,125,
wj1gt5zvzfnjf7xcf1c8,,0.056,0.246,133,
wmep7eexur6wwrlrz9sv,,3.204,0.166,121,
wmes720kojsggeq71m5y,,2.902,0.286,151,
woxwsoo99kl7vq4mk0rr,,1.65,0.367,134,
wty9xgte39cr5rp39e50,,1.733,0.253,156,
wu3cwt7cavxrllp6s123,0.224,1.642,0.251,146,进步
wwh529n48kyjq1xe9h46,,0.214,0.321,114,
wxgj9kdmdrmullrthnso,,0.039,0.296,146,
wyhkcaf32y8h3707qzrz,,1.368,0.23,138,
wzfry2domlqnblox9w1b,,1.863,0.206,134,
x7xh8m5fvmipvkav1cb4,,0.771,0.217,149,
x8hldszj3z40bgxl4mci,,0.036,0.32,163,
x8hocidvl3emcmrhw2f8,,0.14,0.29,145,
x9xz7kb08kmf1tytnc1f,,0.473,0.182,136,
xf5q0ixkpbxl3w7k16qo,,2.135,0.315,130,
xgvqpyg5mro3wihwngur,,1.145,0.247,160,
xh8a7nmtz192pknhec33,,0.013,0.242,105,
xlp4p1b56hrhhyr2y3kd,,0.054,0.19,135,
xnvmb8uox3576k142awg,,0.87,0.097,133,
xsxczvs8iluovs3pt5q7,,0.019,0.22,133,
xvfa4ysm4deeobu8wkym,,2.276,0.273,152,
xw0r5n17yfqv2va40bhi,,1.26,0.222,143,
xy7cro773yqyoblucwkp,,0.111,0.236,134,
xz7x7kwsn26marn29mag,,0.867,0.319,144,
y0bdtutppfdzzttzq8dy,0.435,0.041,0.349,132,进步
yb4sqfrwu788fa6y4zeb,,0.047,0.249,129,
yesnbayr80dvsb8ajp9v,,0.492,0.303,158,
ygc6nfsry40yon3nicac,,0.755,0.243,142,
ygoahstwe9gz9w87qncs,,2.171,0.163,137,
yj708ceb2o5gueez45or,,0.222,0.286,147,
ymb5gxf0fi27kpj2f101,,0.054,0.327,129,
yums89f0epz009xrrwrf,,0.1,0.239,125,
yvyud23n1eara086vntf,,3.099,0.23,140,
yyz9rmyzzdp52h0glddp,,0.059,0.304,150,
z0mde15metn3m79ek96y,,0.512,0.332,132,
z0ti2nr5nh9fpad7wntt,,0.014,0.299,129,
z23fh1v40p3hmxxspbo9,0.416,0.579,0.303,132,进步
z9q10sbk27qpuvatlkuw,,0.127,0.164,138,
zc7xkcpo969z98kh6bg8,,0.12,0.246,186,
zeuj2ypen39p38d4m3oj,,0.035,0.142,151,
zeuj820acn6zhcbx617v,0.362,0.042,0.282,151,进步
zhx5rxgopln1p5hd10ql,,5.089,0.28,136,
zlaig56ve06t7jruk2mr,,0.105,0.258,142,
zon2ut7eqwqd7i86etaw,,-0.021,0.255,138,
zoo8a9uj8a0dplifqzdp,,1.424,0.326,149,
zprxec1qxs8nqsmc5830,,0.397,0.337,157,
zq3xohaut5o9dbd9064z,,0.632,0.285,147,
zse4s5wowlo5xntqyqb4,,1.523,0.257,156,
zuw35j06tzftt6oon4c5,,1.908,0.215,159,
zyfp520tbnq5p2pvrkin,,0.027,0.312,143,
zylvq01zq0hxavbvsd2f,inf,0.723,0.252,158,进步
