student_ID,答题次数,正确率,平均得分,平均用时,活跃天数,班级,学习强度,正确率排名,答题次数排名,综合排名
0088dc183f73c83f763e,215,0.209,0.777,3.758,21,Class2,10.24,1049,235,909
00cbf05221bb479e66c3,240,0.192,0.596,10.762,20,Class10,12.0,1131,198,997
00df647ee4bf7173642f,478,0.111,0.584,20.615,22,Class14,21.73,1327,28,1188
0107f72b66cbd1a0926d,119,0.328,1.227,3.513,17,Class5,7.0,367,1092,536
011d454f199c123d44ad,204,0.196,0.603,3.436,13,Class3,15.69,1111,262,1008
01558eef77a8d39b7103,145,0.283,0.986,14.869,31,Class15,4.68,587,644,590
016226278e6a69e10aa4,253,0.158,0.557,3.751,33,Class4,7.67,1243,177,1152
01a691413dc5897db83f,543,0.081,0.468,6.569,18,Class13,30.17,1356,14,1236
01d8aa21ef476b66c573,182,0.231,0.956,3.819,14,Class1,13.0,928,333,834
01qkq6w2v62cimidb3b7,126,0.206,0.849,20.341,66,Class6,1.91,1061,1010,1315
02068067a434adb6556a,4,0.0,0.0,2.75,1,Class11,4.0,1364,1364,1364
0258f681a9e1756dfc76,489,0.106,0.431,11.022,36,Class6,13.58,1334,26,1203
03754dce5ec7731fb3e2,246,0.321,1.577,6.622,28,Class5,8.79,395,188,27
037a76bc8e6bf5fe1fc0,41,0.927,2.439,3.39,2,Class11,20.5,6,1356,87
03aa0b20dd4af1888eef,253,0.213,0.822,3.423,37,Class1,6.84,1030,177,861
03b463f52c0fff35433b,72,0.556,1.653,11.264,13,Class10,5.54,67,1298,176
03e0c9bff3a9557480d9,130,0.246,1.008,3.631,16,Class5,8.12,823,954,1015
04f2689b4ea16d8d7d9a,607,0.072,0.568,9.489,38,Class6,15.97,1360,9,1243
0557b1363a5092b5811f,500,0.116,0.44,12.982,17,Class11,29.41,1321,22,1167
0559e9cf806dab4cc20d,290,0.138,0.652,9.931,28,Class9,10.36,1287,128,1193
056ab41140f68c15db14,262,0.168,1.08,27.218,16,Class14,16.38,1219,160,1087
058c03d945c4ae0978a0,87,0.46,1.644,3.586,17,Class2,5.12,127,1235,252
05e1c3ce1728da7e37e0,151,0.166,0.417,3.364,8,Class6,18.88,1228,540,1304
05e6d9723ab3cde0841d,599,0.072,0.366,14.688,16,Class6,37.44,1360,11,1246
061db2c91f94c612f2d4,64,0.594,2.047,4.281,12,Class4,5.33,51,1315,159
06309f4c8785254f4c13,79,0.481,1.266,3.823,5,Class14,15.8,108,1273,242
06aff3e28c5db152f506,139,0.46,1.353,4.741,24,Class2,5.79,127,771,22
071685b292483b04e836,82,0.488,1.5,3.659,21,Class13,3.9,99,1257,215
074d7f43de7264306775,212,0.198,0.533,3.307,10,Class7,21.2,1099,242,976
077d5c82c9ee5019220f,138,0.348,1.167,4.203,15,Class2,9.2,294,788,196
07e3362d20ff4337671b,118,0.5,1.432,4.085,13,Class8,9.08,92,1104,59
091554ffa26fc9b17c36,75,0.573,1.827,10.16,14,Class11,5.36,58,1291,153
09400a9b50b6c96c5510,172,0.314,1.192,26.773,19,Class12,9.05,421,363,69
098b2c66cbc1ed736e14,136,0.324,1.316,3.397,16,Class3,8.5,384,838,411
0999173c045ee29a0b44,140,0.357,1.021,7.843,18,Class8,7.78,273,753,111
09dfa3f18e48917f0242,347,0.138,0.403,3.695,17,Class8,20.41,1287,87,1158
09e4bfadd7e012c37c7c,142,0.359,1.134,15.282,13,Class7,10.92,267,699,60
0a7f1a73361654329281,122,0.328,0.926,17.746,18,Class7,6.78,367,1056,513
0a8736f6520cea837d94,312,0.138,0.516,3.644,20,Class1,15.6,1287,112,1180
0b02f701b1179f9f74f9,160,0.238,0.812,7.55,17,Class13,9.41,879,431,821
0b16d35f1f39a063708a,400,0.122,0.525,28.018,32,Class13,12.5,1312,59,1186
0b28c0a454678b75eefb,83,0.639,1.916,4.072,3,Class8,27.67,40,1254,71
0b307ee95b41e222f204,166,0.301,1.241,16.5,20,Class15,8.3,483,385,231
0b828e1ae026c57b34dd,88,0.443,1.625,27.273,21,Class12,4.19,144,1233,281
0b8bea274b24847526b7,102,0.363,1.049,3.814,7,Class2,14.57,260,1178,435
0bb8692f43a372e8d967,123,0.472,1.179,11.528,24,Class7,5.12,118,1048,61
0c57caf5358d30408034,186,0.21,0.747,3.516,6,Class4,31.0,1041,318,948
0c670262b3941d307600,145,0.262,0.876,3.628,24,Class2,6.04,719,644,744
0c81ca27b7d931b6ff6e,217,0.189,0.581,3.553,13,Class15,16.69,1147,232,1036
0d260d8fac2289c8ed9e,219,0.178,0.804,9.662,27,Class8,8.11,1184,226,1081
0d4a3518a188f6888380,55,0.818,2.109,5.164,1,Class4,55.0,9,1332,74
0dapvs3h4h3h1ahmt2o8,145,0.29,0.945,9.538,63,Class9,2.3,547,644,515
0df40593e76a840fd64b,422,0.123,0.393,3.943,18,Class6,23.44,1310,52,1173
0e062d9fa22dc8e3bca2,123,0.463,1.837,3.967,23,Class3,5.35,125,1048,67
0e804947f4cdc2721046,142,0.31,1.077,7.387,27,Class15,5.26,444,699,415
0eb6eec8b4bee8ab6a44,161,0.286,0.783,4.267,15,Class14,10.73,570,423,422
0ef8b2c9e039eaace596,186,0.253,1.172,15.973,26,Class13,7.15,769,318,652
0f160cd19890b97092b9,119,0.345,1.277,3.79,16,Class3,7.44,307,1092,457
0f8bd9e33125347965a1,184,0.207,0.636,3.337,8,Class3,23.0,1056,327,968
0fc996fff93c00ca5ced,514,0.088,0.37,4.025,33,Class4,15.58,1352,17,1227
0gfiioqi5g8djhh1wzol,143,0.294,0.93,3.608,63,Class3,2.27,525,679,509
0i1e50rz4mkhee97xvpo,131,0.229,0.901,13.718,65,Class14,2.02,944,935,1202
0lgtv09uoh3ova8sjbze,159,0.182,0.679,6.874,74,Class8,2.15,1171,436,1225
0m2kzubx9r60wyrsjj7j,147,0.204,0.735,12.102,76,Class13,1.93,1071,610,1174
0m8o7nuv982vnv3328qw,126,0.294,1.111,10.484,65,Class12,1.94,525,1010,702
0maggb1hf886m5u6p2vr,155,0.194,0.8,3.71,72,Class1,2.15,1119,490,1165
0qamadarf6xhm9pm2jta,131,0.252,0.855,8.206,62,Class14,2.11,777,935,949
0sgnvj4zfg3xjjb9fl6h,134,0.187,0.888,4.44,58,Class5,2.31,1153,872,1323
0txd5enpfmbrth46w74b,128,0.195,0.711,4.609,63,Class8,2.03,1116,989,1330
0z4mockl76xn8mhdaehw,144,0.181,0.792,4.417,67,Class14,2.15,1175,662,1301
1096bd470d3ddff1ec1c,192,0.203,0.807,3.505,17,Class8,11.29,1077,302,981
10de703c06bf9d873d68,193,0.373,0.876,4.311,16,Class1,12.06,239,299,11
10qi28ikwz4c4v22b06i,145,0.338,1.11,12.759,65,Class12,2.23,324,644,126
10xnkvdetxarrkdhx4i9,130,0.254,0.931,10.069,64,Class9,2.03,761,954,944
117ee98c7f916c88ddbb,216,0.176,0.829,18.296,18,Class10,12.0,1193,234,1095
119b36a5797d5ce69625,177,0.288,0.949,8.96,27,Class10,6.56,560,346,347
11dae4659d30031a10dd,188,0.271,0.899,3.468,23,Class4,8.17,652,311,469
1202c731c612353ceef0,299,0.137,0.505,3.562,22,Class3,13.59,1291,121,1195
1224ceafb61456a033d0,164,0.268,0.841,5.854,9,Class8,18.22,672,401,554
12s3yomv0kltozc1qxc4,154,0.273,1.0,17.844,67,Class14,2.3,643,499,575
1329b6cf41debecda787,107,0.449,1.935,3.299,29,Class2,3.69,136,1155,195
132c90d4a027a4477ad0,136,0.294,0.779,6.603,9,Class11,15.11,525,838,621
1367d35cf39783effa7a,73,0.178,0.685,3.616,5,Class6,14.6,1184,1295,1360
139429592a9c23c08b71,108,0.389,1.019,3.62,10,Class11,10.8,215,1150,346
1397545fbe9882e5cd42,207,0.3,1.068,3.628,21,Class3,9.86,490,257,127
13de1d3a55477a0c0329,135,0.311,0.83,3.504,11,Class5,12.27,438,857,498
13f8b8305f6c25c21921,511,0.096,0.44,16.914,26,Class15,19.65,1347,20,1219
13nq2h723zixyhir01lf,161,0.267,0.925,18.994,64,Class10,2.52,687,423,600
148o63s7q5aitfxmmtrg,172,0.337,1.116,10.837,71,Class11,2.42,330,363,30
151cd83784ab9007e8d8,334,0.198,0.725,54.243,33,Class6,10.12,1099,94,902
152a0c17daaaa4e65e14,165,0.279,1.103,4.018,22,Class2,7.5,607,394,460
1552f58e2818ce7fa863,208,0.226,0.654,13.942,19,Class15,10.95,963,251,830
15ab118362ecbbd03b52,117,0.368,1.41,3.632,24,Class2,4.88,252,1112,380
1629f353a742f6a73251,119,0.387,1.37,3.218,16,Class3,7.44,220,1092,312
166cb02ac436c9d3662f,475,0.082,0.307,2.958,9,Class3,52.78,1355,30,1254
16c505069c1e5c2bece5,59,0.644,2.119,31.475,2,Class7,29.5,39,1328,147
16d68f70cf5e52d0b34a,218,0.239,0.78,6.376,26,Class12,8.38,870,230,713
170a695a2717bcd9b74b,272,0.154,0.574,4.059,24,Class3,11.33,1253,145,1143
17656005bd4086137ab7,151,0.258,0.901,3.53,21,Class15,7.19,738,540,714
17dda5f588bed077c742,263,0.357,1.24,11.46,15,Class7,17.53,273,157,9
17e429460d5fda251953,402,0.127,0.423,3.724,20,Class5,20.1,1306,57,1167
17f2d0e73044110cdea5,141,0.312,1.021,5.681,11,Class14,12.82,429,728,403
18654732ca312afc173f,232,0.194,1.25,4.375,25,Class2,9.28,1119,209,986
1883af270e36a7580332,153,0.346,0.837,4.176,14,Class8,10.93,302,511,37
18cdd44af62c6935e7a0,256,0.277,1.094,3.777,20,Class1,12.8,619,171,323
1974349ec27d7d67bf08,253,0.182,0.767,7.142,26,Class15,9.73,1171,177,1037
19793e7e55b68c8dd776,127,0.291,1.094,5.488,15,Class5,8.47,540,1004,720
19buea1jycypffshcw38,141,0.234,0.936,16.135,64,Class14,2.2,910,728,1005
19fb3075dd2798538c9d,76,0.513,1.539,4.921,17,Class3,4.47,82,1286,200
19rc4zj7sw4ms0996992,138,0.232,0.884,3.935,60,Class5,2.3,924,788,1052
1afepx549ssnar1m9acp,151,0.185,0.649,9.868,70,Class6,2.16,1159,540,1272
1b0baf552d2cd47ee10b,58,0.655,1.759,4.31,4,Class3,14.5,35,1329,136
1b25734414fcc7466153,300,0.163,0.667,3.75,38,Class1,7.89,1235,120,1085
1b36a3223f9dd94a211f,208,0.226,0.947,21.495,33,Class8,6.3,963,251,830
1bd9bb053a3ac1bba507,85,0.671,1.859,3.741,9,Class12,9.44,29,1248,58
1c2aef3af32f6323a31d,140,0.45,1.186,3.264,11,Class9,12.73,133,753,21
1ca19e51244cdd3f09ff,87,0.437,1.609,18.782,21,Class14,4.14,152,1235,301
1cfe33c5b178a0c2367f,119,0.328,1.134,15.134,11,Class10,10.82,367,1092,536
1d50eac067378042684b,245,0.237,0.718,4.241,12,Class13,20.42,889,189,716
1d7229e0f5f825007870,107,0.383,1.234,14.841,19,Class15,5.63,228,1155,378
1e25b47eaef62694a236,131,0.435,1.137,2.832,5,Class1,26.2,155,935,50
1eekhswi2ckx4uw0j1c9,143,0.259,0.916,9.895,60,Class14,2.38,735,679,782
1f4oscu6io8xlog2157e,131,0.321,0.985,10.229,64,Class11,2.05,395,935,487
1f56b6bda24efafcf3a4,212,0.236,0.986,5.858,16,Class7,13.25,896,242,748
1f67cb2e7affbb00b6c8,360,0.142,0.669,11.828,19,Class12,18.95,1280,80,1141
1fa4f2361b8a03040292,187,0.257,0.856,5.15,31,Class5,6.03,745,316,617
1fc5b87acdfc2a8b580c,127,0.346,1.157,4.008,15,Class8,8.47,302,1004,383
1feef8b4129f5bf21e67,122,0.402,1.5,24.361,24,Class11,5.08,198,1056,237
1hrtipd0awjpggdje5e2,148,0.236,0.75,3.75,68,Class3,2.18,896,592,909
1hues7esy9erdsses6m0,152,0.191,0.658,14.211,64,Class9,2.38,1136,525,1234
1kvfwfp2hr5hjxjxzjqd,140,0.286,0.907,3.807,61,Class3,2.3,570,753,641
1mp9yiw6rkrr3846047g,132,0.227,0.848,3.871,59,Class1,2.24,958,910,1206
1n42senfkcjopw1zh39l,133,0.113,0.594,13.669,64,Class8,2.08,1323,887,1357
1nebcwra7a0fduy8c1fa,141,0.184,0.716,4.241,59,Class5,2.39,1162,728,1308
1nyzl7s790ta4c8r1l9g,138,0.268,0.986,12.435,64,Class11,2.16,672,788,771
1otvyki9oso9bg6ob16u,145,0.207,0.8,4.655,64,Class5,2.27,1056,644,1171
1t6e0wa99fijxi3ssnzk,129,0.333,1.31,19.752,66,Class12,1.95,348,973,436
1vb2vsoy23nr0monflhx,142,0.225,0.894,15.915,64,Class13,2.22,973,699,1070
2007f4965d2aa6064a25,183,0.355,1.148,12.486,31,Class9,5.9,278,330,17
204a7d6db340a3c18ca7,53,0.774,2.094,3.943,11,Class10,4.82,13,1338,85
204fdbe885269686a392,157,0.255,0.873,5.229,9,Class6,17.44,755,465,700
20f97b68982d1b2f5c73,287,0.15,0.443,3.331,13,Class4,22.08,1260,130,1146
211ed39c57c6e6cdefbf,163,0.282,0.773,3.491,18,Class15,9.06,594,407,443
2150588a5903d9a77b79,197,0.203,0.934,35.096,20,Class10,9.85,1077,286,973
217c87d59a4372c4f3fc,241,0.162,0.618,3.651,7,Class8,34.43,1237,196,1156
219jkfkejubvu4dvuv13,152,0.25,0.842,14.454,69,Class14,2.2,789,525,776
21e23771e52cb5291b19,416,0.106,0.45,8.425,35,Class10,11.89,1334,54,1223
21fc5674d24be8e9da89,51,0.745,2.02,3.314,5,Class12,10.2,18,1344,103
222d5ee50487a2b8601b,146,0.363,1.014,3.452,14,Class2,10.43,260,627,40
22ae866c664a147f9971,93,0.409,1.484,4.29,15,Class1,6.2,188,1217,352
22fey6dqzcrm0jbtfnmm,155,0.303,1.097,4.394,57,Class7,2.72,471,490,300
22wb5ostye8edvfar59p,156,0.212,0.853,13.288,65,Class8,2.4,1031,480,1023
23dd64a1d2e4965198bf,103,0.388,1.019,5.67,1,Class3,103.0,218,1173,372
23f1f5d3d90e2890a423,257,0.198,0.887,10.397,19,Class11,13.53,1099,168,947
24524df0ca55659c384e,202,0.302,0.931,7.683,30,Class8,6.73,475,270,98
24ca7714d40e2fe53821,150,0.253,0.9,4.18,11,Class7,13.64,769,556,762
25019b8f1c3ac537894b,123,0.317,1.171,4.772,18,Class11,6.83,411,1048,581
25c8e1ae2335e8c3e5b3,336,0.146,0.458,24.935,21,Class8,16.0,1265,91,1112
264320c6b92b92795ba0,223,0.179,0.655,4.143,28,Class12,7.96,1182,218,1074
27cc9165eef05eb1733f,103,0.398,1.223,7.602,6,Class7,17.17,207,1173,354
2826ec26211d83efd2c6,168,0.268,0.875,3.613,28,Class5,6.0,672,375,532
2842c82981077b78b3cd,458,0.131,0.483,5.413,25,Class13,18.32,1299,35,1137
28719a42e0cbf4991b7f,177,0.282,0.927,3.559,18,Class3,9.83,594,346,406
28bc8af257c48eac3bf1,95,0.4,1.158,3.989,15,Class15,6.33,201,1206,365
28d90a892cc66338f962,203,0.197,0.788,10.606,14,Class8,14.5,1106,266,1001
28tmrs0kyrrh1odyvf21,157,0.248,0.822,6.924,61,Class10,2.57,805,465,756
29172d2e39ca0d890848,97,0.433,1.732,5.464,22,Class11,4.41,159,1199,282
2933a3227c7ce7fe21eb,95,0.368,1.0,4.495,15,Class6,6.33,252,1206,444
2959d8017312337a2ba6,393,0.12,0.702,34.962,29,Class8,13.55,1317,62,1197
29acddb87cfe062d73f5,183,0.257,0.672,8.437,17,Class8,10.76,745,330,626
2a003b122e9500e465c4,161,0.267,0.876,24.478,22,Class11,7.32,687,423,600
2a515047aa9d085849a2,293,0.191,1.024,15.908,31,Class6,9.45,1136,125,961
2a6394114c31a10dc92b,393,0.29,0.921,3.758,30,Class9,13.1,547,62,64
2a6ap0t2rsvoogmydj3a,143,0.203,0.671,9.371,65,Class6,2.2,1077,679,1255
2af634997fba501740c2,191,0.23,0.969,3.853,22,Class5,8.68,935,306,823
2b3492096a4d12bb86cd,147,0.218,0.707,5.374,25,Class9,5.88,1011,610,1069
2b54ed4af8281eb82f58,179,0.218,0.81,19.631,11,Class14,16.27,1011,339,923
2b935bfe06ef02369807,92,0.424,1.152,3.848,9,Class14,10.22,169,1218,317
2b9ef4e3749f713870b0,198,0.212,0.566,3.076,10,Class3,19.8,1031,281,913
2c27d4de6ae130e7e242,512,0.197,0.715,8.693,29,Class9,17.66,1106,19,880
2c3b89432513b2035664,84,0.476,1.417,3.476,7,Class3,12.0,114,1252,237
2c6339f7c23a64d02081,123,0.382,1.033,7.163,15,Class2,8.2,230,1048,296
2c7d02c44b47e3d24d52,81,0.469,1.481,4.753,7,Class9,11.57,121,1261,265
2ccfa5f79c8b61e465d4,317,0.243,0.88,3.379,24,Class3,13.21,843,107,630
2d526c27123e59103e29,477,0.105,0.721,4.379,29,Class5,16.45,1338,29,1210
2d9a38c93e37bc475cb6,157,0.268,0.949,6.045,13,Class9,12.08,672,465,605
2db6dd71f1d07300382c,80,0.512,1.4,5.9,16,Class6,5.0,83,1266,183
2ddkknvpbz2j9wlvybtj,140,0.293,1.064,12.543,67,Class12,2.09,530,753,569
2e2c00240c341a4265e3,132,0.326,1.333,3.667,30,Class5,4.4,375,910,436
2e3e7cbe0e69add8d31a,60,0.567,1.617,4.733,8,Class5,7.5,60,1325,188
2e40c1b07d32d3b80862,238,0.164,0.508,4.126,19,Class14,12.53,1231,200,1149
2e54b1c7bff5847c82a8,463,0.19,1.147,35.421,17,Class8,27.24,1143,34,924
2ea821273e01ec758583,184,0.217,0.674,6.538,21,Class13,8.76,1015,327,922
2ecb7fb5ff8899614c12,208,0.231,0.654,3.077,12,Class5,17.33,928,251,796
2egpenarap9h0a2k0bc5,138,0.246,0.899,12.906,57,Class10,2.42,823,788,930
2f3c37735e817244e646,104,0.404,1.125,3.846,16,Class2,6.5,192,1167,322
2f3ef424b925a9881b81,144,0.278,0.882,3.562,24,Class15,6.0,611,662,645
2fe9648ea28753c73c2c,254,0.165,0.76,22.874,24,Class6,10.58,1230,173,1113
2h9c9tdsnoz1hyzo5frt,149,0.255,1.02,15.577,63,Class10,2.37,755,573,749
2jvnsh0veb6qnn3uv6i8,146,0.336,1.089,3.664,65,Class2,2.25,333,627,128
2krjeqjgjqfuumdo3ibt,141,0.262,0.823,7.227,65,Class8,2.17,719,728,792
2svwdpmdpjsdzafekntw,120,0.25,0.892,3.925,62,Class9,1.94,789,1078,1042
2ui63dibc4r8oo0p9agh,151,0.238,0.861,7.172,60,Class14,2.52,879,540,868
2uxkhe454qk8jvk0ufvp,129,0.364,1.233,3.829,64,Class2,2.02,257,973,284
2xk6toebmkxdw8f2bypd,72,0.611,1.667,4.028,6,Class11,12.0,47,1298,133
2xsbkm76x36qvddrl2yo,136,0.287,1.103,13.324,65,Class12,2.09,566,838,673
2zfdinkl7qrn0o62tlp4,132,0.265,1.083,3.598,64,Class2,2.06,702,910,848
301f57984e5d2969c938,145,0.297,0.993,12.855,18,Class7,8.06,506,644,466
306627b1ecbdf4e3aa34,160,0.238,0.962,10.038,22,Class13,7.27,879,431,821
3094825929f936abb792,204,0.407,1.137,6.77,17,Class13,12.0,190,262,6
311abc37a94ae8afe41a,152,0.336,1.276,25.368,22,Class12,6.91,333,525,51
31741464205aa8cdb4f5,154,0.318,1.279,5.019,25,Class7,6.16,408,499,170
3267b84814316e2fa25e,166,0.235,1.084,4.09,22,Class2,7.55,903,385,827
329622100fe091a4c48c,434,0.168,0.581,18.714,38,Class6,11.42,1219,44,1026
32n93dfesjggabieb85t,149,0.302,1.027,9.188,75,Class15,1.99,475,573,370
3313c40ea45a87f9d2e7,113,0.46,1.513,12.451,15,Class7,7.53,127,1128,151
33184c1cba6a37cdbda2,417,0.096,0.439,4.947,10,Class7,41.7,1347,53,1258
33b73273ab8e1a11fcda,83,0.47,1.301,5.06,9,Class14,9.22,120,1254,254
33c123d08dc07edb50f9,67,0.567,1.627,15.552,10,Class11,6.7,60,1308,167
33ddb1517601db520cd6,131,0.313,1.221,3.893,19,Class3,6.89,425,935,522
34aaaa47df8c4aa4d926,240,0.175,0.558,5.875,29,Class11,8.28,1204,198,1088
34qcy2qj5lij7g82hpvw,146,0.171,0.685,18.089,71,Class6,2.06,1211,627,1309
3531c5f9d520759ba697,243,0.193,1.021,17.584,16,Class11,15.19,1124,191,979
3555053023c67d592439,105,0.381,1.143,4.057,21,Class2,5.0,231,1162,381
3565d61f3efec69e611c,81,0.494,1.395,3.716,12,Class10,6.75,96,1261,211
359f25d9131a0699405b,162,0.247,0.753,4.142,18,Class15,9.0,817,417,746
35e028ec34bfdb7a6d26,157,0.274,1.038,28.051,19,Class15,8.26,638,465,541
35wcdp4s13xmtyq5f7os,145,0.31,1.048,9.655,70,Class12,2.07,444,644,369
360820d6620d17d1b48b,294,0.201,1.054,4.289,37,Class1,7.95,1086,123,901
3672e2896ad7d8f2404e,106,0.396,1.151,2.934,5,Class3,21.2,210,1159,345
367c27a001837dabb2e9,128,0.312,0.812,4.68,14,Class14,9.14,429,989,571
36ebf305b7206112f676,179,0.279,1.603,5.402,8,Class3,22.38,607,339,424
374ff25490a1f0aba47f,200,0.315,1.28,25.205,21,Class13,9.52,416,276,43
37905cfdcd105683aaf4,144,0.319,1.007,3.694,19,Class2,7.58,403,662,310
37ae91c472189108a737,96,0.427,1.24,3.333,12,Class1,8.0,166,1201,298
37f3b3d773c5c073bc9a,107,0.364,1.393,5.336,24,Class7,4.46,257,1155,423
38357be0ab369a9ae942,134,0.403,1.149,6.948,20,Class10,6.7,195,872,62
388090578f22a3c33738,95,0.411,1.411,8.179,16,Class8,5.94,186,1206,341
390d1fc3b78420815190,208,0.183,0.904,10.51,20,Class8,10.4,1167,251,1072
3919286d3d8c4f4d339c,202,0.223,0.748,3.748,37,Class4,5.46,984,270,855
3a9d955e2ef47191a742,213,0.244,1.16,9.756,16,Class8,13.31,841,240,690
3ab864e1e692786fefd2,131,0.305,0.832,4.13,14,Class11,9.36,460,935,585
3ac65fbc295f5fbd2ff7,109,0.358,0.936,3.028,1,Class11,109.0,269,1143,429
3b3b2319b0995f149ecc,248,0.202,0.73,16.79,10,Class7,24.8,1084,185,933
3b6f3bb370f3107e257d,51,0.745,1.961,3.765,6,Class11,8.5,18,1344,103
3ba42ec5350aacb0750a,374,0.139,0.741,4.152,18,Class4,20.78,1285,74,1149
3bf7b3c9aa7d93ecb603,294,0.184,0.864,7.088,14,Class6,21.0,1162,123,996
3c1b9222136b752563f6,73,0.562,1.575,5.397,8,Class12,9.12,62,1295,163
3c37e3ad275dcdd39e2c,201,0.234,0.816,6.761,15,Class7,13.4,910,274,787
3c71b62d597098c4cd18,103,0.437,1.262,5.058,16,Class7,6.44,152,1173,247
3c89c7f1db26ae691db8,386,0.142,0.56,3.536,30,Class1,12.87,1280,66,1123
3cic5ziycjx4ik4ll0v1,146,0.295,1.178,3.822,65,Class2,2.25,517,627,472
3d63ba961a5f3a60616a,107,0.402,1.168,4.336,15,Class1,7.13,198,1155,326
3dba043eb6065ad3a343,40,0.2,0.275,3.7,5,Class6,8.0,1089,1357,1355
3dglsy7ee3ytfq1lpwlv,160,0.225,0.844,13.962,73,Class14,2.19,973,431,925
3e4e608ace87fe97bdb5,142,0.282,1.106,29.042,18,Class9,7.89,594,699,642
3f34e3108d1108dab0fd,77,0.584,2.026,5.0,17,Class6,4.53,54,1282,134
3f55d44d7572d52b2987,94,0.468,1.66,3.883,23,Class3,4.09,123,1214,228
3f81bf9625e47ca1963f,133,0.331,0.992,3.662,15,Class7,8.87,355,887,389
3fee5c27236cbb682727,119,0.345,0.891,2.765,7,Class3,17.0,307,1092,457
3ff069e95a9047dbfa8b,243,0.3,1.037,3.498,23,Class4,10.57,490,191,63
3iz4t53ooerb6sruxf3n,137,0.35,1.066,3.613,65,Class3,2.11,287,813,207
3lbe8ny12qw7qwcyihpn,126,0.262,1.008,10.437,66,Class15,1.91,719,1010,915
3m4gx52iq3mwqdycm8mm,159,0.289,1.138,3.887,69,Class2,2.3,553,436,398
3p34idi1traz2k8j0ulk,147,0.259,0.912,4.014,65,Class4,2.26,735,610,747
3qvqfnzdg358mord1cku,129,0.31,1.14,4.116,62,Class2,2.08,444,973,587
3w0b2b1gz9i1nhmtab7s,142,0.289,0.93,9.789,53,Class7,2.68,553,699,566
3ywgcurp27qp1fydp27z,159,0.277,0.956,3.906,65,Class5,2.45,619,436,500
40eb36011ced9a882ea9,238,0.504,1.929,29.92,28,Class12,8.5,91,200,1
40rkj6cwy12hdupgq4w2,138,0.341,1.109,12.493,67,Class11,2.06,322,788,259
41126caf1874c098d357,135,0.415,1.141,4.704,16,Class15,8.44,179,857,47
4130weedl0x9hc7qe5a4,153,0.196,0.706,12.353,67,Class6,2.28,1111,511,1166
413cbf664ac3ba8307ea,223,0.256,1.112,29.233,25,Class6,8.92,752,218,557
4156dc6090d72c95c23b,80,0.5,1.338,4.862,6,Class8,13.33,92,1266,205
418f4730434eaced55a2,72,0.542,1.653,4.667,15,Class13,4.8,73,1298,190
41abb1b9df74d29b7732,95,0.4,1.189,4.611,7,Class10,13.57,201,1206,365
41e9ff991a4a21f423a8,157,0.389,1.376,4.51,28,Class2,5.61,215,465,16
41f718ae2aed1d6c2573,116,0.336,1.026,3.397,20,Class2,5.8,333,1118,506
424de2c5e2c1f5652cdc,203,0.207,0.887,8.167,29,Class13,7.0,1056,266,945
42dd5f9cd9e2c3ac9ed7,162,0.272,0.698,5.167,16,Class6,10.12,647,417,522
42e83553ca9d77ab4aee,166,0.337,1.223,3.934,18,Class5,9.22,330,385,33
430420fb41fe0a889868,254,0.177,1.224,3.421,18,Class5,14.11,1189,173,1056
432fd26823e230070734,291,0.141,0.643,3.777,20,Class3,14.55,1282,127,1182
4388d48ebff4cf866ecd,92,0.283,0.957,8.935,13,Class11,7.08,587,1218,867
43d34a076620e32fedfa,228,0.241,0.781,8.206,19,Class7,12.0,855,211,693
43d98a750c726bb39d11,136,0.36,1.368,10.338,18,Class12,7.56,265,838,178
43vri1lqbgiiwbkaskqd,133,0.316,0.985,10.03,66,Class11,2.02,415,887,485
446d2ad0ca2908ffa4f9,62,0.645,1.71,4.065,8,Class3,7.75,38,1316,129
4474f24ef69e01e2c001,82,0.207,0.427,3.378,8,Class6,10.25,1056,1257,1345
4478eae73fb84cedb102,271,0.155,0.557,8.137,23,Class7,11.78,1251,146,1134
44c7cf3881ae07f7fb3e,169,0.314,0.852,20.964,10,Class10,16.9,421,372,76
44x159fl0pw2uucriuga,142,0.268,1.085,3.782,65,Class3,2.18,672,699,722
451b0095938a3c54efc4,118,0.347,1.127,18.941,11,Class11,10.73,297,1104,446
453d43b3f6bdf467e672,271,0.284,1.428,3.963,35,Class4,7.74,582,146,229
454c91e8f96c1dc4e994,263,0.163,0.7,4.308,21,Class5,12.52,1235,157,1109
45b6cc87a7e957f83027,161,0.398,1.758,21.056,14,Class12,11.5,207,423,13
460fa4961434cf281423,174,0.23,1.063,4.586,31,Class2,5.61,935,356,844
46a60ed041c8ebf98061,86,0.488,1.36,6.895,11,Class8,7.82,99,1239,192
46a7a18ca160c829a15f,306,0.137,0.654,3.431,25,Class3,12.24,1291,118,1192
46e2d5243b6eef040f97,102,0.392,1.441,5.167,21,Class7,4.86,211,1178,363
4738a118c8b8fa271fd6,137,0.372,1.088,3.912,18,Class5,7.61,243,813,99
47b08a7751ab609be9e5,99,0.384,1.081,3.859,7,Class14,14.14,226,1191,391
47eeab842793b09300c3,152,0.296,0.842,3.816,20,Class1,7.6,513,525,395
47vclaej1xmb0rc8kgka,148,0.223,0.736,3.676,67,Class1,2.21,984,592,1024
4884f3bdc068ef01e042,361,0.152,0.767,21.82,12,Class11,30.08,1256,79,1090
488934d01a504bc212b4,133,0.301,1.03,3.519,21,Class1,6.33,483,887,592
488fc49e8fccd665c3e2,428,0.089,0.388,3.428,27,Class5,15.85,1351,47,1260
48a71a6a5a15e31084e3,119,0.353,1.092,4.571,16,Class12,7.44,281,1092,421
48a96425072cefa0dc69,142,0.275,1.113,34.817,16,Class12,8.88,633,699,682
48ad93c227abfa9542aa,198,0.227,0.919,6.258,7,Class11,28.29,958,281,837
498121d2486259ef1b3a,234,0.214,0.675,4.372,14,Class13,16.71,1027,206,881
49a91a4dce6838ffcbcd,194,0.335,0.887,14.057,24,Class13,8.08,346,295,25
49b95110a8c59f6b6c58,344,0.154,0.57,8.875,22,Class11,15.64,1253,88,1093
49ef48443e09f8be12f6,119,0.336,1.336,28.193,12,Class12,9.92,333,1092,490
4a0890c15c26984c191f,212,0.226,0.797,4.453,21,Class11,10.1,963,242,824
4a6e1cf1e4e9d8f54717,60,0.667,2.033,4.6,4,Class4,15.0,30,1325,115
4a7f53c0a376edadf38a,254,0.161,0.512,3.685,12,Class8,21.17,1241,173,1143
4aa8ff74dc576b7adbcd,309,0.385,1.456,4.854,18,Class9,17.17,221,115,4
4acutl013itvh9va99p7,128,0.32,1.109,4.023,56,Class2,2.29,400,989,517
4atjmlccken75lck9ffp,118,0.237,0.898,11.051,51,Class7,2.31,889,1104,1237
4bceaffe5e429ed3333b,80,0.475,1.3,3.45,16,Class5,5.0,115,1266,255
4bq1kdgygbtif8w80s5y,137,0.182,0.686,3.898,67,Class8,2.04,1171,813,1321
4c26df96293b4a52bc03,149,0.262,0.906,3.45,21,Class5,7.1,719,573,709
4c79be630ae9d3db6aaf,284,0.144,0.532,11.585,14,Class8,20.29,1271,132,1162
4c90f16c0fcd85d3de25,384,0.112,0.497,3.591,16,Class3,24.0,1325,67,1217
4ca5c8ea55be09213d14,137,0.336,0.949,7.117,12,Class12,11.42,333,813,302
4cb96f0d9108066442a8,110,0.391,1.118,4.036,9,Class10,12.22,212,1140,337
4cc0dc56eecea1d928d1,163,0.313,0.957,3.718,15,Class6,10.87,425,407,125
4dfdfa5e1a04c832b9b4,394,0.269,1.17,6.716,23,Class6,17.13,669,61,330
4e4bb1f26e34ca0a13dc,146,0.274,0.979,4.007,8,Class14,18.25,638,627,653
4e508744a9816cc4586a,81,0.469,1.296,3.457,5,Class6,16.2,121,1261,265
4e693829528e3e7de62a,789,0.349,1.148,6.804,41,Class9,19.24,290,2,5
4e768251c78b687fa993,258,0.19,0.802,3.686,32,Class5,8.06,1143,167,995
4edfd2e1b7c5c5d1d384,77,0.442,1.273,4.13,16,Class12,4.81,145,1282,327
4erna0vkk9gu5umle1se,130,0.308,0.946,10.585,66,Class8,1.97,451,954,579
4ewf46mylf75olvvihqj,130,0.246,0.946,16.231,55,Class7,2.36,823,954,1015
4fl8e5s0nf65bm2m34f0,137,0.292,0.978,3.883,61,Class3,2.25,537,813,625
4glo109mkgy7azntyttp,131,0.313,1.031,3.511,54,Class3,2.43,425,935,522
4i0t5tq7o78lvc1zglgr,120,0.192,0.817,7.817,62,Class13,1.94,1131,1078,1341
4nun1ah7qw10q705a2aq,137,0.307,1.015,15.723,71,Class15,1.93,454,813,492
4oqxw56hzk4fk8aqh3e0,139,0.23,0.892,12.835,56,Class7,2.48,935,771,1058
4v5xbvn3yhmvs97477pc,132,0.265,0.924,4.455,56,Class5,2.36,702,910,848
4vnvytgnlmv4jbfw9h3t,130,0.315,1.085,3.908,66,Class4,1.97,416,954,519
4x441h9y6wzknmtdw7q4,146,0.274,0.932,8.13,64,Class6,2.28,638,627,653
4xh67ezjc331pg9q3kfv,150,0.24,0.88,3.907,62,Class3,2.42,865,556,857
4y1vvkscejq34042oag4,128,0.242,0.93,3.641,58,Class5,2.21,848,989,1068
4ycyhj8tyx2b17fcx29j,157,0.236,0.879,8.694,53,Class9,2.96,896,465,852
504278569f7c6dff25e3,78,0.679,2.179,25.385,23,Class12,3.39,28,1277,68
50673b01fd2b0c765572,192,0.271,0.719,7.365,24,Class12,8.0,652,302,465
50fec4ca4283ad18c000,150,0.433,1.527,4.3,24,Class2,6.25,159,556,14
510a90cd169e2eb042ab,482,0.102,0.421,6.647,25,Class8,19.28,1341,27,1212
522837ace4fd8dd743f2,615,0.08,0.426,25.423,35,Class6,17.57,1357,8,1231
52a24e35d5356ab34a2e,198,0.253,0.788,17.444,17,Class6,11.65,769,281,631
52d965ebf3ec0518bc0f,90,0.433,1.144,3.744,3,Class3,30.0,159,1226,308
52f1bca9ac9c792e4457,151,0.252,0.689,4.06,8,Class3,18.88,777,540,767
52f4899e918b57df28da,91,0.429,1.407,7.154,15,Class3,6.07,165,1223,313
533bc4c6716035e694ac,210,0.219,0.643,9.176,8,Class11,26.25,1008,247,879
539911ee11c1b2aaeb88,165,0.291,0.867,11.23,22,Class15,7.5,540,394,349
53d51965c40a54cff1a0,118,0.432,1.475,3.644,14,Class10,8.43,162,1104,206
54342435561e775ce97f,254,0.193,1.012,4.205,28,Class8,9.07,1124,173,971
545eb6c8154273344669,196,0.235,0.796,3.561,26,Class1,7.54,903,292,788
5479f88afb95288d6392,109,0.358,1.44,4.44,23,Class13,4.74,269,1143,429
54826f4abf592713d585,155,0.323,1.29,6.226,20,Class1,7.75,389,490,121
54f91ccb08cbece520da,154,0.266,1.156,38.117,22,Class12,7.0,694,499,658
552365f82674884bcaaa,73,0.548,1.575,10.205,12,Class13,6.08,70,1295,181
553l2g7kpifbvn82knxk,142,0.338,1.211,3.944,67,Class2,2.12,324,699,177
55a47a152d359522e38d,214,0.229,0.963,24.855,26,Class15,8.23,944,239,804
57709f904b1cc9ec60b1,200,0.21,0.925,3.15,35,Class1,5.71,1041,276,927
57c33a6126c456c5ada8,131,0.252,0.649,4.137,7,Class3,18.71,777,935,949
57f84519c468df122d69,118,0.347,1.178,29.407,29,Class14,4.07,297,1104,446
580e98185da72b5f34cd,359,0.128,0.841,5.398,22,Class1,16.32,1305,81,1189
58n0dsxyyqnriomw67id,148,0.291,1.068,4.061,64,Class2,2.31,540,592,483
58widcj6smafuwyqxw2m,146,0.329,1.253,9.767,65,Class12,2.25,364,627,198
5914db0d4427b322e8af,138,0.152,0.486,4.768,13,Class11,10.62,1256,788,1342
5963ba5cd9d242a00e22,158,0.247,0.709,3.677,19,Class10,8.32,817,451,774
59bybxqvhton27u0jtfm,135,0.2,0.674,9.904,68,Class8,1.99,1089,857,1299
5a44a7c59729d41d596a,48,0.312,0.667,3.333,3,Class6,16.0,429,1352,765
5a8cce5abee961fc77f3,122,0.336,1.23,3.607,23,Class2,5.3,333,1056,470
5abcc9d4fb5e764b2f6f,257,0.191,0.759,8.444,19,Class6,13.53,1136,168,983
5ada57d72f07c3803d33,138,0.304,0.964,4.877,6,Class8,23.0,469,788,503
5b5ef66e547d63806a56,320,0.131,0.681,3.9,18,Class3,17.78,1299,101,1194
5bdad002590327215ae0,87,0.529,1.931,4.954,19,Class15,4.58,75,1235,135
5be7405ad4ae9d9a2853,177,0.311,0.932,6.254,9,Class11,19.67,438,346,84
5c33bb784bb99763ed74,136,0.324,1.265,3.721,18,Class2,7.56,384,838,411
5c83f4ed6601ddf1a6fa,110,0.345,1.036,3.636,8,Class8,13.75,307,1140,486
5cda8273b348fbda9f29,268,0.231,1.082,36.642,15,Class6,17.87,928,151,741
5d16326e4577a67d94c6,149,0.309,0.906,4.047,20,Class12,7.45,447,573,324
5d2379fb72082166dee3,135,0.326,0.911,4.281,14,Class14,9.64,375,857,406
5d580a610c7f8114eb5c,89,0.449,1.483,3.876,24,Class2,3.71,136,1229,271
5d89810b20079366fcc2,62,0.629,1.629,3.145,6,Class1,10.33,42,1316,138
5dmn9cwdf4l1snqfjw1p,120,0.242,0.767,8.133,60,Class13,2.0,848,1078,1125
5e12a0421c20717035cb,380,0.121,0.387,4.782,20,Class8,19.0,1314,70,1198
5e29473eb1e80fde79a0,262,0.191,0.511,8.092,30,Class15,8.73,1136,160,978
5e89fad73b2ada2a30bf,164,0.262,0.841,4.226,17,Class7,9.65,719,401,632
5ez4c53h3kdamnlvkpna,137,0.263,0.949,10.219,52,Class7,2.63,711,813,814
5f55600069b483f999f5,293,0.137,0.403,3.276,11,Class3,26.64,1291,125,1200
5f7b406b2bbf9789735f,108,0.398,0.991,3.556,19,Class4,5.68,207,1150,335
5f8d87412f69e3d9fb13,68,0.559,1.765,5.426,12,Class12,5.67,63,1305,173
5faa3d19e595ab735fda,188,0.261,0.931,10.883,18,Class13,10.44,727,311,583
5fbaf8a0f524358778bb,164,0.335,1.22,3.274,18,Class2,9.11,346,401,36
5gs9643ghg39gpkgi3e5,134,0.187,0.836,3.493,57,Class1,2.35,1153,872,1323
5jxldd3plo4x6oq140l5,158,0.266,1.108,6.652,59,Class7,2.68,694,451,627
5kqtdcvyt7rgqdoextw8,137,0.277,1.036,18.599,66,Class13,2.08,619,813,711
5l1b1ma70rilf7mojch5,146,0.295,1.0,11.877,70,Class9,2.09,517,627,472
5m6lgwi0mkqs8ilg3qqs,96,0.406,1.073,3.458,15,Class4,6.4,191,1201,344
5mrih4nj5agvu67vao4m,132,0.333,1.25,4.023,62,Class2,2.13,348,910,396
5qfsd40k8fv54hc102p2,128,0.297,1.031,10.656,65,Class13,1.97,506,989,680
5rxl72n8rmnxwrxcss0q,125,0.32,1.112,7.432,62,Class9,2.02,400,1022,542
5slhcx7pnjhcmlbfffu6,142,0.268,0.915,10.12,74,Class13,1.92,672,699,722
5zczdtyecu2w495j80xv,143,0.301,0.958,3.734,59,Class9,2.42,483,679,455
6002b9ec0f4ad0b281cf,152,0.322,1.23,4.118,26,Class2,5.85,392,525,163
60c3549c706fe13322ce,145,0.269,0.862,3.428,17,Class5,8.53,669,644,691
6106e5232ac32bc22d1d,203,0.217,0.842,23.773,15,Class14,13.53,1015,266,893
61de1e21015e07aacbe8,445,0.272,1.009,4.261,20,Class4,22.25,647,39,274
62156eada978f707f5d2,100,0.45,1.4,4.21,18,Class3,5.56,133,1186,220
6273f50d9a0b4e6d971c,112,0.384,1.295,4.143,10,Class7,11.2,226,1134,357
628bztd9ybuth5efk7nw,164,0.311,1.14,11.47,73,Class12,2.25,438,401,148
62a877b83219f7974fd0,53,0.774,2.264,4.245,12,Class3,4.42,13,1338,85
62olkigg7ntlaf6fzytl,147,0.347,1.306,3.673,61,Class2,2.41,297,610,52
6314d7cbc465e29f357c,128,0.383,0.93,3.648,15,Class11,8.53,228,989,241
63aded37545ab92d41d4,228,0.193,0.522,2.794,5,Class3,45.6,1124,211,994
63c38a00d97e62c31e08,219,0.205,0.831,15.155,20,Class6,10.95,1065,226,931
63eef37311aaac915a45,316,0.12,0.487,3.092,9,Class1,35.11,1317,108,1242
63ff3dff3eb31d62ab3e,225,0.204,0.6,12.484,13,Class12,17.31,1071,217,934
6486c0664d217470d126,86,0.442,1.826,4.57,20,Class2,4.3,145,1239,289
6496d6268092ef8e7e9d,211,0.199,0.744,6.735,22,Class10,9.59,1095,245,974
64d1d58d40bca568347c,133,0.353,1.128,3.594,15,Class1,8.87,281,887,262
64d65eddd629b80922f1,38,0.895,2.342,3.316,2,Class14,19.0,8,1358,94
6569uz69or21mbcejw25,117,0.214,0.855,17.829,64,Class14,1.83,1027,1112,1318
6604efc6fd93e070f40a,106,0.358,1.283,14.604,13,Class8,8.15,269,1159,439
663aff87732c52f0e342,568,0.114,0.451,3.965,18,Class9,31.56,1322,13,1162
66d7c0bdb21b7d5bd83d,653,0.112,0.404,14.922,20,Class6,32.65,1325,4,1161
66f99grd556eyxjqk7pz,154,0.221,1.045,4.006,65,Class2,2.37,998,499,989
67456512891f96cc0fc3,99,0.404,1.303,31.97,18,Class15,5.5,192,1191,340
67f8d47cfb7b7b3d2095,271,0.14,0.535,4.332,19,Class5,14.26,1283,146,1204
6837091518a3524730fb,402,0.206,1.067,29.647,17,Class13,23.65,1061,57,843
687ndz7mxhpv3gg91ie2,132,0.265,1.0,16.409,62,Class14,2.13,702,910,848
68c45e933c2dc939e7c9,215,0.209,1.195,3.93,21,Class2,10.24,1049,235,909
6923e581d76689cb57a1,153,0.275,0.824,4.301,21,Class12,7.29,633,511,565
6964a3d507ac1ecf9e52,425,0.111,0.553,3.767,36,Class5,11.81,1327,50,1209
69a4b3d15a5bf0d0e43e,173,0.237,0.647,3.37,7,Class7,24.71,889,357,799
69ae85efb03510241445,143,0.28,1.28,21.965,21,Class15,6.81,600,679,637
6a62f52203bda35656be,363,0.107,0.49,21.73,32,Class13,11.34,1333,78,1250
6ab4994b59925a6d1bba,491,0.138,0.479,9.965,25,Class13,19.64,1287,24,1101
6abeead45fd57abadaff,163,0.331,0.883,4.939,10,Class7,16.3,355,407,41
6ae7d356ba998218af82,79,0.494,1.608,3.684,14,Class2,5.64,96,1273,223
6b0cc09c9daf2966d1a7,318,0.173,0.786,16.0,35,Class13,9.09,1208,105,1043
6b22922bfe081d68c7a6,312,0.272,0.923,11.048,26,Class12,12.0,647,112,328
6b9ee688551136da2eb9,119,0.319,0.899,3.202,17,Class5,7.0,403,1092,603
6c14ce386a9cda72549c,262,0.282,1.508,9.019,33,Class9,7.94,594,160,270
6cbcdec2dffbcf09a91a,56,0.696,1.946,3.232,7,Class13,8.0,27,1331,114
6cxj0lsinp9d7215gtpe,165,0.297,1.012,4.764,72,Class4,2.29,506,394,286
6d22912e7e93a96a8690,55,0.709,1.945,3.309,10,Class4,5.5,24,1332,108
6d35a9a33338a84dd077,226,0.195,0.726,5.119,28,Class3,8.07,1116,215,984
6d90c2fd38f2ea52ffd8,155,0.432,1.226,36.323,10,Class7,15.5,162,490,12
6dx4zt62b8m37krb5l3n,156,0.295,0.949,3.885,68,Class4,2.29,517,480,376
6e7d56f652020f046204,158,0.304,0.962,3.589,26,Class1,6.08,469,451,269
6e8118d5ad3c7093b869,184,0.337,1.136,3.598,20,Class2,9.2,330,327,24
6efd2d79656d1b056f72,242,0.252,0.74,9.653,17,Class9,14.24,777,195,584
6efd353d32bd3d908b23,135,0.326,1.289,54.363,11,Class12,12.27,375,857,406
6fa0b38bfd05105503a1,221,0.204,0.787,5.33,17,Class9,13.0,1071,224,937
6fc66606e74242398444,298,0.185,0.668,6.164,17,Class6,17.53,1159,122,988
6fe309a58b787e7010eb,281,0.135,0.626,3.843,31,Class4,9.06,1296,137,1218
6fefd33cf297f69bcae3,415,0.106,0.802,27.689,34,Class7,12.21,1334,55,1224
6g7c63m95z8acd3vx5ct,133,0.211,0.82,19.045,54,Class10,2.46,1036,887,1287
6iag08nt7se7f2hkgzx4,138,0.283,0.993,3.754,63,Class4,2.19,587,788,671
6ixkthdoadcwip3r1sy2,147,0.245,0.884,14.871,54,Class7,2.72,836,610,853
6o68qswzkvrrtbiz6bzr,171,0.251,0.789,3.678,73,Class1,2.34,786,367,688
6qp85ufr2o1zg8k0cvtb,125,0.328,1.056,6.944,53,Class9,2.36,367,1022,497
6tq9irjllweqmqe4u7sf,113,0.257,0.956,3.947,59,Class2,1.92,745,1128,1013
700915d303cc358e662a,138,0.377,1.384,9.551,18,Class13,7.67,236,788,65
701a989d65a59c18845b,154,0.266,1.0,4.552,11,Class3,14.0,694,499,658
7086b49d3d6c2cf79c1a,121,0.38,1.116,4.397,20,Class1,6.05,232,1070,316
70exfe4k4e5vvm5sqspq,141,0.355,1.0,12.61,77,Class11,1.83,278,728,94
70ym0xeqaqmx14dv6myx,140,0.2,0.871,7.4,51,Class7,2.75,1089,753,1286
71ca74e191e71b0219b5,103,0.466,1.107,8.738,9,Class6,11.44,124,1173,187
71d0a8156e59c4dcedfd,65,0.6,1.6,3.846,2,Class14,32.5,50,1312,156
71f6622e7caa6ed92506,113,0.416,1.319,7.469,20,Class6,5.65,175,1128,258
7207088b2ef28ff6b669,113,0.336,1.142,7.673,18,Class8,6.28,333,1128,511
728a4a393899c37a5429,72,0.528,1.861,4.111,11,Class4,6.55,77,1298,201
72b4334deffff31dea8b,161,0.261,0.857,3.484,15,Class3,10.73,727,423,661
72d383f55803c5a81bd6,195,0.333,1.523,28.697,25,Class7,7.8,348,294,26
72fbfd24cdff0454a0e2,165,0.248,0.758,7.327,10,Class13,16.5,805,394,726
7380885aaba482170588,110,0.364,1.164,4.073,9,Class3,12.22,257,1140,420
73ae359d8e93d41ae4ff,98,0.51,1.653,13.52,18,Class12,5.44,86,1196,119
74137c4db75be61c10fa,336,0.143,0.714,7.881,34,Class12,9.88,1277,91,1148
744e7141564ed216b812,62,0.629,1.968,37.435,17,Class12,3.65,42,1316,138
749fec50db4020e9bfcc,123,0.317,0.886,3.943,11,Class3,11.18,411,1048,581
74e22a3421e605061ef1,270,0.156,0.685,7.415,29,Class13,9.31,1245,149,1124
74g1r714u01v7nb4vn8w,151,0.219,0.861,3.901,60,Class5,2.52,1008,540,1028
75097aa30e9373a612c7,196,0.255,0.872,3.724,29,Class3,6.76,755,292,614
7509bbe0d23fe15928ba,139,0.281,0.734,3.18,7,Class11,19.86,599,771,678
7535fe5ae754da62a534,101,0.416,1.277,8.703,13,Class9,7.77,175,1183,303
758a52e21fd5c23cd7ed,146,0.349,1.034,20.527,18,Class6,8.11,290,627,53
75a72c46b8271a57fba6,83,0.506,1.578,8.94,20,Class15,4.15,89,1254,186
75c2677c8d156032e303,465,0.127,0.473,3.23,31,Class1,15.0,1306,33,1154
75dcc10ba89fd0c25d50,209,0.239,1.005,15.804,20,Class11,10.45,870,250,731
75e30b71e38030454877,187,0.251,0.914,25.358,24,Class15,7.79,786,316,669
76366e9c264169b2bae1,202,0.277,0.946,6.886,12,Class12,16.83,619,270,388
766836b5f30556e81da4,100,0.4,1.06,4.47,10,Class12,10.0,201,1186,350
767e222eeb367b2b010f,389,0.121,0.542,9.951,27,Class8,14.41,1314,64,1191
768c216e172762b85899,204,0.176,0.804,7.598,12,Class13,17.0,1193,262,1115
7694d71417c2f5202940,177,0.288,0.729,2.96,9,Class4,19.67,560,346,347
76a2f2705490042bb8cb,91,0.505,1.56,3.802,15,Class15,6.07,90,1223,158
76fe2c19fa84d58b584b,248,0.161,0.544,3.488,21,Class4,11.81,1241,185,1155
7742559d8e833fbcd326,238,0.202,0.782,8.769,10,Class10,23.8,1084,200,943
781f69b185122bfaddca,115,0.33,1.617,14.817,9,Class12,12.78,363,1124,556
78e6c80ea8dc73ec747d,60,0.667,1.7,5.383,9,Class8,6.67,30,1325,115
78uyv6k6u49krocgtkzu,139,0.245,0.885,6.878,75,Class13,1.85,836,771,936
792e3326f0d9f68389d9,290,0.183,0.631,4.224,16,Class9,18.12,1167,128,1003
798ff22d126a0f8034ff,108,0.361,1.343,12.583,13,Class10,8.31,262,1150,427
79cvflltnemb9zpg6pgl,142,0.176,0.775,3.592,66,Class1,2.15,1193,699,1313
79ea7a2f63285f2fe26b,148,0.378,1.574,6.054,15,Class1,9.87,235,592,31
79fdbcf16db75f75383a,155,0.258,1.142,2.884,15,Class2,10.33,738,490,696
7a600fb7e3750998e7ae,105,0.371,1.305,4.771,17,Class3,6.18,245,1162,409
7ab9a2516b2dba99c36c,70,0.529,1.371,3.5,5,Class3,14.0,75,1303,203
7ae6jy1vw15ppmnq6sba,132,0.174,0.682,9.629,72,Class8,1.83,1207,910,1346
7b1d65c8c7637c14d9f2,121,0.322,0.926,4.066,7,Class14,17.29,392,1070,564
7bb37669654dedc7e397,142,0.331,0.965,3.423,14,Class4,10.14,355,699,246
7bfbef4127aeec4b344e,278,0.209,0.658,3.824,30,Class13,9.27,1049,138,865
7c039dde693a18f3a834,130,0.3,0.962,4.346,9,Class9,14.44,490,954,648
7c1d8516e6c2ab2d3030,85,0.553,1.506,3.365,8,Class4,10.62,68,1248,131
7c27b1482db039a6eee9,78,0.487,1.667,19.192,19,Class15,4.11,104,1277,239
7c2qxvccum7f93e8ohgt,148,0.284,0.939,3.764,70,Class3,2.11,582,592,538
7c30aec52f13bebe07a6,104,0.413,1.154,7.298,13,Class9,8.0,183,1167,305
7c3fa9ed66d940d49692,252,0.179,0.806,4.063,25,Class2,10.08,1182,181,1049
7d882daa0b4d418d1d0c,149,0.342,1.698,4.423,18,Class2,8.28,316,573,57
7ddzwidmh4uwbopvlast,142,0.225,0.908,3.838,68,Class5,2.09,973,699,1070
7ec5fc60b1ce755e0e17,330,0.403,1.267,4.503,28,Class7,11.79,195,95,3
7eeq2weegodhsqj7bxc2,153,0.346,1.111,6.987,67,Class14,2.28,302,511,37
7f1c076b22be73eef99b,309,0.204,0.906,11.583,23,Class6,13.43,1071,115,883
7f58862bfed16feedfd6,86,0.442,1.744,32.0,8,Class14,10.75,145,1239,289
7f91b4ad141d21887b79,236,0.182,0.712,14.75,14,Class7,16.86,1171,204,1047
7ffc1d4e5026fc5195ea,95,0.495,1.611,17.4,24,Class15,3.96,95,1206,155
7iulsxm22wz4v82hgb2g,144,0.222,0.917,7.049,75,Class13,1.92,992,662,1077
7kqvekz6iho08947fhk9,131,0.267,1.031,6.359,62,Class11,2.11,687,935,845
7n0vh1m7hm3g0v8ggv7v,145,0.228,0.841,12.041,64,Class15,2.27,949,644,1009
7r0ywonplo8up7m35eav,122,0.303,0.926,4.959,64,Class3,1.91,471,1056,670
7rzwry01x1n79a7rw5va,141,0.22,0.83,12.305,62,Class10,2.27,1002,728,1137
7ssihtyt72rzukfci0o1,135,0.222,0.83,7.363,68,Class13,1.99,992,857,1227
800d0095388d11344b78,123,0.293,0.927,5.106,10,Class6,12.3,530,1048,732
80423084979315c20dbf,203,0.187,0.527,9.35,11,Class8,18.45,1153,266,1061
8068144149e4ba65ef38,283,0.152,0.569,10.689,20,Class10,14.15,1256,135,1136
80xvovy2zizaj5kr0va5,147,0.231,0.803,7.599,64,Class14,2.3,928,610,960
81931021ce711e124d0b,355,0.144,1.006,20.149,24,Class7,14.79,1271,82,1118
81c441973fd4e024d60a,314,0.197,0.682,10.5,41,Class6,7.66,1106,110,916
81c4c46f19cb21d54bbb,109,0.349,1.128,3.752,22,Class1,4.95,290,1143,463
81e59e96ce9bd6a76bdb,139,0.338,1.165,33.281,9,Class7,15.44,324,771,244
81kmylu471y1njt1pin3,149,0.248,0.839,8.43,66,Class9,2.26,805,573,809
8242b99ad9d6609fd19c,72,0.528,1.375,2.625,4,Class3,18.0,77,1298,201
82da6d26645f8f71bd61,78,0.5,1.5,4.141,17,Class5,4.59,92,1277,218
83b54209fa2b1055369b,181,0.254,1.133,6.547,27,Class6,6.7,761,335,651
83bf9b0424c17c9e13e7,88,0.477,1.466,4.227,20,Class15,4.4,112,1233,219
84146496b8d6256d6982,52,0.731,1.981,4.192,7,Class11,7.43,21,1342,112
84e8300978b600b5f0ba,158,0.323,1.253,3.38,16,Class3,9.88,389,451,78
84f116e542feb4ff69c0,124,0.306,0.911,10.0,6,Class14,20.67,457,1034,649
852687af72e9ee38fb42,54,0.704,2.093,43.648,5,Class11,10.8,26,1336,119
854ce9f7f4d7b6115854,80,0.462,1.412,3.638,13,Class5,6.15,126,1266,277
855b21869c4fdbed8047,68,0.559,1.603,15.029,3,Class14,22.67,63,1305,173
8596e232b0d863cd3130,104,0.385,1.49,4.067,24,Class15,4.33,221,1167,373
86215294b080f19af22f,233,0.215,0.682,3.635,19,Class1,12.26,1024,207,878
86366c9920186cc4d1a3,198,0.212,0.798,16.217,12,Class8,16.5,1031,281,913
869eacc999a52155ed53,185,0.243,1.086,32.189,15,Class8,12.33,843,325,733
8711049a2e0ef13bb10c,69,0.58,1.681,4.71,20,Class12,3.45,56,1304,160
875704a45c0214c68eae,198,0.222,0.965,19.207,17,Class11,11.65,992,281,873
876aca2b8ce1958ea773,515,0.093,0.468,3.369,35,Class1,14.71,1350,16,1222
8777bd09f180d330b147,221,0.181,0.566,4.48,27,Class1,8.19,1175,224,1067
87aa4503451b6a77b2b7,131,0.336,1.069,3.908,20,Class15,6.55,333,935,386
882ccee198e25b49b30d,834,0.07,0.452,14.793,21,Class10,39.71,1362,1,1240
8975db410fd78d462688,111,0.441,1.847,10.694,9,Class9,12.33,149,1136,210
8979427badebb9e2bd10,130,0.315,1.069,3.315,17,Class1,7.65,416,954,519
897f6d3de550ebf68384,146,0.349,1.253,6.829,24,Class13,6.08,290,627,53
89af2669cc93dc97f545,190,0.216,0.642,6.242,9,Class10,21.11,1022,308,920
8a45d6748ec853f7694c,188,0.207,0.777,13.213,14,Class10,13.43,1056,311,959
8a9f3822aaa08e579e4f,121,0.306,1.174,14.132,4,Class6,30.25,457,1070,667
8ajv97zyciosc57q0cng,156,0.288,0.936,3.724,64,Class3,2.44,560,480,439
8b1fbc97391699e46cef,434,0.097,0.578,3.836,34,Class1,12.76,1346,44,1248
8b586d8b9c06414b2487,336,0.164,0.536,3.881,17,Class8,19.76,1231,91,1063
8b6d1125760bd3939b6e,75,0.507,1.4,3.213,4,Class1,18.75,88,1291,220
8bece93f0b270602e64f,136,0.346,0.919,6.566,15,Class7,9.07,302,838,262
8bf3625652581859dcd1,276,0.25,0.957,6.982,17,Class6,16.24,789,141,563
8bj43lrpbsn3smxxn3xn,116,0.241,0.974,9.302,64,Class14,1.81,855,1118,1177
8ca890875272aede0af5,127,0.307,1.386,11.0,19,Class10,6.68,454,1004,622
8cdbc02c05d6ebafa9eb,86,0.523,1.686,10.43,23,Class8,3.74,79,1239,149
8cvzwcc62ql4rqj0pyzl,140,0.25,0.893,3.879,62,Class1,2.26,789,753,871
8d422b817027d7721870,95,0.4,1.568,4.053,22,Class1,4.32,201,1206,365
8d93485dc6a4b2a9f03f,86,0.43,1.233,2.651,3,Class3,28.67,164,1239,328
8e1012c9f4775ba6a451,509,0.079,0.363,4.945,21,Class6,24.24,1358,21,1251
8e25bcfa51d165f162f6,81,0.494,1.457,5.123,9,Class5,9.0,96,1261,211
8ee4fdce37fceab5620a,65,0.646,1.631,4.338,13,Class12,5.0,37,1312,124
8f1ddd99ac8c59bbd788,130,0.338,1.485,42.654,14,Class10,9.29,324,954,384
8f477d2c60ec76ce22b7,143,0.308,0.916,4.497,12,Class8,11.92,451,679,405
8f81bd9cbc5471ebfc60,380,0.168,0.684,31.987,21,Class8,18.1,1219,70,1040
8f98bfcea1b9f0dba97e,115,0.478,1.652,4.296,15,Class2,7.67,111,1124,100
8f9ecba976a15fa5d900,176,0.233,0.79,26.375,13,Class13,13.54,918,352,828
8fb30cb5c7ad360c995f,382,0.147,0.95,5.966,23,Class3,16.61,1263,68,1094
8fe25991951e1f37568b,139,0.338,1.014,15.201,22,Class15,6.32,324,771,244
8hn55e1bxuyegxa76l3r,135,0.296,0.978,15.674,67,Class11,2.01,513,857,615
8ivuhc6n7pr63b39dupt,146,0.288,0.973,20.473,64,Class10,2.28,560,627,527
8jo5o2abn697lg482k0e,124,0.25,0.895,7.653,56,Class7,2.21,789,1034,1018
8kvpozl8kjupzd4yvwbv,130,0.162,0.615,13.377,63,Class6,2.06,1237,954,1351
8l0qqik09gqh0e5anus0,137,0.27,0.985,18.869,65,Class11,2.11,660,813,765
8nqoz5k93j7it8w0muhl,145,0.29,1.048,4.186,66,Class9,2.2,547,644,515
8rsw4xhmff15occogf32,163,0.245,0.822,15.945,61,Class9,2.67,836,407,775
8urc1lsyw615q5prnxwh,163,0.239,0.767,3.595,68,Class4,2.4,870,407,803
8wkyo305dh8esq6eop37,136,0.309,1.132,14.081,64,Class12,2.12,447,838,501
906ffe092972df38360a,101,0.426,1.267,3.97,16,Class2,6.31,168,1183,287
90f3fbedfce50f644011,513,0.084,0.37,3.166,13,Class4,39.46,1353,18,1232
90z3slav21r61p88ksba,161,0.205,0.863,16.323,78,Class13,2.06,1065,423,1035
9104b8987aefa9d8e884,105,0.419,1.314,3.638,10,Class7,10.5,171,1162,278
912794ea0c6936c83ce2,231,0.169,0.654,4.372,37,Class5,6.24,1216,210,1117
91439fcb2590c49dd20d,104,0.385,1.154,7.538,11,Class10,9.45,221,1167,373
914f82268754cbf71a54,105,0.371,1.238,3.905,15,Class8,7.0,245,1162,409
915813ad1b5f1bbe2d6e,82,0.512,1.768,3.744,8,Class10,10.25,83,1257,169
918236b530adbe510201,201,0.303,1.139,3.761,22,Class3,9.14,471,274,92
919b6f74756bdb77edab,116,0.328,1.043,7.129,21,Class15,5.52,367,1118,558
91ybnlkli8x332l13rrk,136,0.176,0.699,4.044,61,Class1,2.23,1193,838,1332
9294393fcd13593bc537,186,0.274,1.022,16.532,23,Class7,8.09,638,318,456
9369995cb6743cb69182,119,0.319,1.437,11.857,17,Class14,7.0,403,1092,603
93c2f240de504736b8d0,121,0.331,0.909,3.05,11,Class3,11.0,355,1070,507
93f200d7351d4980fec6,194,0.247,0.969,11.701,16,Class6,12.12,817,295,689
93f451c36b535d39003d,62,0.581,1.516,2.758,2,Class4,31.0,55,1316,166
93iq4xjhvlc8072fsfet,136,0.272,0.993,3.735,62,Class3,2.19,647,838,759
94066a900026329cd5cd,282,0.177,0.95,8.986,21,Class7,13.43,1189,136,1038
9417c1b4c24e428984bc,371,0.124,0.509,5.102,19,Class1,19.53,1309,75,1190
94752e120f6bb6178ad5,129,0.333,1.372,10.729,29,Class15,4.45,348,973,436
9493dac6dc982d2b3dbe,425,0.096,0.478,15.216,18,Class7,23.61,1347,50,1257
94a770d27cae58950a5b,119,0.37,1.429,7.84,20,Class13,5.95,247,1092,361
951678e2f3db4cd9911d,87,0.448,1.759,4.368,9,Class5,9.67,140,1235,279
951d2aca1b8a1c336908,243,0.21,0.811,8.263,13,Class11,18.69,1041,191,887
951eea03695f436017d3,89,0.438,1.157,3.539,5,Class3,17.8,151,1229,295
952e59666bdde6dad94c,320,0.181,0.725,5.05,19,Class6,16.84,1175,101,998
953123cfe1c275e6d8a9,136,0.279,0.772,6.522,13,Class14,10.46,607,838,710
95889f5d20e344714084,210,0.19,0.529,3.21,10,Class2,21.0,1143,247,1039
95i3ttsko6c6ol53ebql,123,0.171,0.829,10.236,63,Class13,1.95,1211,1048,1352
95jqkrj6zv7qf1wz1p8e,133,0.278,0.917,7.293,62,Class9,2.15,611,887,739
960bf72352d4f58ad083,166,0.253,0.735,4.5,15,Class11,11.07,769,385,683
96c23b85b0b4ffdc3cae,124,0.315,1.161,14.274,11,Class6,11.27,416,1034,577
96dc0554852b5a94a400,145,0.276,0.703,3.683,7,Class7,20.71,627,644,650
9723ceb0cf2dca42c118,202,0.203,0.594,7.361,13,Class11,15.54,1077,270,964
97442da123c449f6a146,140,0.293,0.993,4.471,15,Class10,9.33,530,753,569
977ece9de941d85308ac,218,0.234,0.615,3.459,16,Class2,13.62,910,230,770
9795edf22e930bc30fa4,377,0.146,0.737,20.881,19,Class10,19.84,1265,73,1099
981cf48df067d975675b,204,0.201,0.917,4.363,31,Class2,6.58,1086,262,972
98be3476791a8df7e937,275,0.222,0.782,4.036,17,Class11,16.18,992,142,810
98e10f84d94623f8b39e,256,0.125,0.438,3.891,8,Class1,32.0,1308,171,1267
9952cc289c9f690621ec,85,0.482,1.494,4.6,11,Class4,7.73,107,1248,225
99a53846658ba3341de6,120,0.325,1.2,4.417,11,Class4,10.91,379,1078,544
99d6b8a1cc0020112951,162,0.278,1.037,4.802,19,Class1,8.53,611,417,474
99dj4o3b2f6m4jemke7d,167,0.305,1.192,3.916,65,Class2,2.57,460,378,171
9a25hcbd3mhgaj0fyelo,134,0.291,0.933,4.037,65,Class4,2.06,540,872,664
9a630f9e9f4ec26d8fcd,128,0.305,1.086,6.758,17,Class10,7.53,460,989,620
9ad512cc6cbd79aa81c7,104,0.413,1.212,8.24,21,Class6,4.95,183,1167,305
9b0guld0vdm0ggmmfb8k,126,0.317,1.119,13.389,69,Class12,1.83,411,1010,555
9b1c065069dbb7a71617,264,0.144,0.485,2.928,10,Class5,26.4,1271,156,1187
9b43f5fcb5d592a689af,192,0.286,0.974,3.948,22,Class7,8.73,570,302,333
9b913075e93b2b788102,454,0.236,0.738,7.187,21,Class9,21.62,896,36,663
9be4ba08415daa1ee6fe,94,0.404,1.181,12.213,12,Class15,7.83,192,1214,358
9btb3ax7qaitktvbvn8g,141,0.206,0.801,12.716,54,Class10,2.61,1061,728,1261
9c2b85496091fd7f66d4,312,0.144,0.747,25.231,28,Class13,11.14,1271,112,1153
9c39551b2cbe4f0c6d03,167,0.24,1.0,11.246,18,Class14,9.28,865,378,785
9c48779f6e97be993771,199,0.266,0.955,3.935,19,Class10,10.47,694,279,507
9d02a160cd171c5f4c18,156,0.276,0.84,3.679,5,Class4,31.2,627,480,532
9d030ebc092b353b9906,120,0.325,1.3,4.2,22,Class2,5.45,379,1078,544
9dbg3fyz4qnj7x9qug6x,150,0.267,1.0,8.44,72,Class15,2.08,687,556,674
9e4c54a008ee874fc270,151,0.278,1.099,5.219,24,Class3,6.29,611,540,551
9e7bdc44129bf5acc196,244,0.23,0.623,4.197,12,Class3,20.33,935,190,778
9ea29e4a747ea4a7c70a,278,0.198,0.766,4.137,27,Class1,10.3,1099,138,926
9ee3e6df01c7cc22d066,287,0.15,0.669,3.328,20,Class5,14.35,1260,130,1146
9ee4ff457095eaf23309,243,0.193,0.588,5.984,22,Class6,11.05,1124,191,979
9ef8a5baccebc3841cb2,75,0.573,1.987,6.16,14,Class12,5.36,58,1291,153
9f0ce6d4cdf9d1772417,137,0.35,1.234,7.642,19,Class9,7.21,287,813,207
9f447b50d5788f7b4d0a,117,0.359,1.068,14.12,25,Class11,4.68,267,1112,415
9jq31h6i3ny1lx0mx89e,172,0.267,0.884,3.895,64,Class9,2.69,687,363,552
9lfh7vk4u8eh6zz1dmvp,128,0.227,0.781,3.5,65,Class4,1.97,958,989,1268
9nfrfi8p7oktnfr9c30b,155,0.168,0.606,14.181,71,Class6,2.18,1219,490,1291
9npnusbksscam12fc4ut,138,0.297,0.899,9.891,61,Class15,2.26,506,788,553
9trgand057juzal1kecf,145,0.352,1.193,3.876,62,Class2,2.34,284,644,55
9wax6sfj9cuqbbxc95om,135,0.267,0.837,3.459,73,Class1,1.85,687,857,811
a05da04117e032cb4977,133,0.361,1.406,15.842,16,Class15,8.31,262,887,226
a06fdb8743c4d4ef09fe,109,0.413,1.202,3.064,23,Class4,4.74,183,1143,282
a0973be15e5e7116f121,121,0.355,1.231,24.388,19,Class13,6.37,278,1070,392
a0a1991396f865c9e3dc,467,0.131,0.803,5.006,31,Class3,15.06,1299,31,1131
a0b36e07079573966740,51,0.745,2.157,4.922,2,Class11,25.5,18,1344,103
a0fa57995e3e8cdcc13a,257,0.288,1.393,4.595,16,Class5,16.06,560,168,197
a108f1103f798c85d061,44,0.932,2.477,2.795,1,Class3,44.0,5,1354,83
a11b89c60677835e450c,104,0.481,1.817,22.798,9,Class7,11.56,108,1167,145
a12c27630a75f6a4a64a,215,0.228,0.814,4.344,5,Class11,43.0,949,235,807
a14b9aa97f66fc82ede3,190,0.295,0.916,3.353,17,Class8,11.18,517,308,235
a1a127e2bf29c380819c,99,0.434,1.596,19.525,10,Class9,9.9,158,1191,275
a1d00fdd7660b7e88077,132,0.311,1.273,10.288,14,Class10,9.43,438,910,525
a1ed24a77c97b05064ef,124,0.29,0.839,3.556,14,Class14,8.86,547,1034,737
a1fa76b5d99a411d6649,140,0.343,1.171,3.9,24,Class1,5.83,314,753,213
a2b5174e55754addcd68,131,0.344,0.916,3.878,10,Class14,13.1,311,935,356
a2f48a796e250a14ff55,339,0.283,0.882,20.024,18,Class9,18.83,587,90,183
a30afe3tftu3pgsdxxdq,120,0.175,0.725,20.383,57,Class6,2.11,1204,1078,1354
a337d5368b0d110803b1,82,0.488,1.366,4.659,15,Class10,5.47,99,1257,215
a34fbbb7d9a19eb82450,122,0.352,1.246,15.098,23,Class7,5.3,284,1056,392
a3a0e2129e405aef3d87,80,0.475,1.325,3.112,6,Class4,13.33,115,1266,255
a3c8ab369e2e928ed523,58,0.655,1.948,3.966,9,Class14,6.44,35,1329,136
a3cd849a5a8d682e18db,117,0.35,1.205,4.128,15,Class14,7.8,287,1112,434
a4bfb84ab74e59389e7a,320,0.162,0.766,3.441,30,Class2,10.67,1237,101,1080
a55511198784610bf30b,148,0.27,0.784,4.318,19,Class3,7.79,660,592,664
a5966200ae4d58200438,144,0.347,1.361,3.667,22,Class2,6.55,297,662,77
a5c03c57b0930cb5c2ac,62,0.613,1.613,3.903,6,Class10,10.33,46,1316,149
a624e4f6e0a8f026cba9,92,0.511,1.522,12.554,25,Class11,3.68,85,1218,143
a7fc1ba478db11fde063,80,0.488,1.325,4.188,18,Class12,4.44,99,1266,224
a8350dcececa0b02dd14,191,0.257,1.157,4.168,10,Class4,19.1,745,306,612
a856f10303ba34926fdd,133,0.293,1.12,3.962,21,Class5,6.33,530,887,662
a867295d48d4b4134903,284,0.176,0.722,4.479,19,Class13,14.95,1193,132,1041
a87767892344a954c746,274,0.241,0.894,12.967,19,Class8,14.42,855,143,668
a8846b79555746e4f9df,66,0.576,1.545,2.864,4,Class3,16.5,57,1309,165
a8eea517e36b20757b2e,207,0.203,0.628,3.048,20,Class1,10.35,1077,257,958
a94a32ebd5f7d177053a,193,0.238,0.808,5.715,11,Class7,17.55,879,299,761
a9554f5c3d61d05617e1,167,0.263,1.084,4.018,17,Class5,9.82,711,378,609
a959b7dd7f65365313a4,395,0.101,0.354,8.608,19,Class15,20.79,1342,60,1253
a95a606f0110653858b2,197,0.198,0.574,3.36,16,Class6,12.31,1099,286,1002
a96027a83196027cf822,167,0.263,1.257,20.898,11,Class7,15.18,711,378,609
a9e1aff282e8d6356dce,121,0.314,0.835,5.413,12,Class13,10.08,421,1070,613
aa83cf5fc68c1dcb5038,173,0.324,1.202,4.272,17,Class4,10.18,384,357,44
aai4o855shne2taonl8m,142,0.261,0.901,18.577,64,Class15,2.22,727,699,783
ac4d829c715fb0c36ad5,47,0.809,2.128,2.872,4,Class4,11.75,10,1353,93
ac7214620207dfdd149d,86,0.488,1.291,5.07,6,Class10,14.33,99,1239,192
ac896071204b0ce26a1e,576,0.135,0.625,6.009,32,Class15,18.0,1296,12,1106
ad29c5822807dabe497c,267,0.169,0.704,4.498,22,Class7,12.14,1216,153,1082
adcc5c13042d66cbfc8b,208,0.226,0.856,15.139,18,Class12,11.56,963,251,830
ade35014b25afed24916,167,0.228,0.635,4.904,15,Class8,11.13,949,378,870
ae2e4cb7985c4ac71795,117,0.385,1.402,6.556,13,Class3,9.0,221,1112,331
af8dedf6ecb4605a09fa,307,0.251,1.117,3.717,41,Class2,7.49,786,117,540
afc99b4940e933922aca,176,0.227,0.631,3.5,13,Class4,13.54,958,352,866
alj4azvv1eqg1cyr3ae3,132,0.303,1.068,3.568,61,Class3,2.16,471,910,588
amzij11bls4wa79p3cj8,148,0.25,0.919,12.115,70,Class12,2.11,789,592,800
ao2x473zwn7k7a6gpfr9,141,0.234,0.801,4.22,69,Class1,2.04,910,728,1005
apxifjd35xfq6t47ysls,137,0.299,1.044,9.839,67,Class13,2.04,493,813,548
aqpg6qwtponj9ojmx6ls,136,0.169,0.676,12.956,61,Class6,2.23,1216,838,1339
avehb7ibwpvjcgcr474k,76,0.592,1.697,3.421,10,Class11,7.6,52,1286,132
awxiqzybhp95e08qx1h5,120,0.258,1.033,3.883,60,Class2,2.0,738,1078,974
axunv0aihh5wvi27tx50,130,0.292,1.031,19.531,66,Class12,1.97,537,954,694
b050239b47c66a7280c9,177,0.277,0.836,6.554,24,Class13,7.38,619,346,441
b083663157e08e36d335,66,0.621,1.652,3.939,15,Class11,4.4,45,1309,138
b0a62c35bfc7f529e83b,125,0.312,0.896,4.024,17,Class5,7.35,429,1022,597
b1976734aee3bf129820,219,0.342,1.311,20.913,15,Class12,14.6,316,226,15
b1b3363b7086aaa99b0d,78,0.551,1.513,5.179,18,Class6,4.33,69,1277,162
b1fbf77b475e79c3d413,351,0.105,0.385,3.675,7,Class6,50.14,1338,83,1262
b217bae3c84d59dde71f,178,0.23,0.73,8.775,21,Class11,8.48,935,343,842
b21ec59d991586279d95,262,0.164,0.496,4.034,20,Class8,13.1,1231,160,1105
b26aab632fd33a01020a,122,0.369,1.557,36.607,18,Class7,6.78,251,1056,343
b2imd0ms1p4fxkfcpygc,125,0.256,0.992,11.008,54,Class7,2.31,752,1022,962
b32b82ebae5971dd48df,167,0.305,1.359,34.635,27,Class14,6.19,460,378,171
b345ecad87a7fbac77ce,382,0.285,1.207,4.61,31,Class1,12.32,579,68,145
b34d4dc5b6c5fd7c5def,75,0.547,1.587,4.813,12,Class5,6.25,71,1291,180
b37bdce835e610d26c0c,53,0.472,1.377,3.491,13,Class13,4.08,118,1338,318
b3ac0cebf20ee45135ca,238,0.176,0.84,13.849,19,Class12,12.53,1193,200,1079
b3e8039d33099e1d066c,96,0.417,1.135,4.0,19,Class14,5.05,173,1201,311
b43532c7a35b6aedd478,53,0.717,2.038,3.906,7,Class11,7.57,23,1338,113
b4a2138f577d9306f593,322,0.152,1.112,6.382,28,Class12,11.5,1256,99,1102
b57bc31cac59b3d26216,652,0.25,0.992,6.334,16,Class11,40.75,789,5,477
b5863cc5a1b448ca1cab,173,0.26,0.815,4.566,31,Class13,5.58,732,357,624
b6808721d4a7900e360a,467,0.156,0.657,20.812,21,Class6,22.24,1245,31,1046
b6b2f975de58052aae0c,253,0.17,0.49,3.478,17,Class13,14.88,1214,177,1090
b6ed77b2b3283f9379c8,426,0.101,0.479,9.92,5,Class8,85.2,1342,49,1241
b6nwoi7doh1m1yzbkxup,141,0.305,1.028,14.397,63,Class15,2.24,460,728,450
b79c2d9d8148403a3720,341,0.132,0.977,4.484,22,Class1,15.5,1298,89,1181
b7ef250772618a089b48,215,0.228,0.93,37.112,26,Class13,8.27,949,235,807
b7f42d4b51972267680e,250,0.18,1.108,64.288,14,Class10,17.86,1180,184,1048
b8162292f2171005c2ba,316,0.13,0.576,3.712,18,Class4,17.56,1302,108,1208
b8290aea71e7a5421a02,43,0.907,2.349,2.256,3,Class3,14.33,7,1355,88
b8a4fd679898150ef87a,452,0.192,0.664,8.206,31,Class8,14.58,1131,38,905
b8c0c68e7f1220949deb,89,0.449,1.483,9.067,17,Class11,5.24,136,1229,271
b8d20bc2e0d3d86f5613,170,0.271,1.071,15.947,13,Class9,13.08,652,370,504
b92448e12093e45dc6ff,274,0.157,0.558,6.464,24,Class8,11.42,1244,143,1115
b93d9fe2a844b416581d,141,0.312,1.475,33.957,19,Class13,7.42,429,728,403
b9a8b9ee84232efd7d61,129,0.372,1.465,5.519,19,Class6,6.79,243,973,260
b9c7c66c8b57b9d3c6fa,193,0.197,0.601,10.404,18,Class6,10.72,1106,299,1020
b9d88af0a70c4ccb592e,76,0.605,1.75,4.224,34,Class15,2.24,48,1286,122
ba563fef8484139dc84d,194,0.211,0.619,3.433,18,Class5,10.78,1036,295,932
ba8c301bda7090bda756,61,0.639,1.967,4.393,17,Class12,3.59,40,1322,142
bab3d23935ae4f8e798c,490,0.333,0.908,3.782,39,Class1,12.56,348,25,10
baed8a816ea02ae929f4,183,0.246,1.213,22.033,23,Class12,7.96,823,330,708
bafdbc62a48daf6840c9,175,0.246,0.709,4.194,6,Class3,29.17,823,355,729
bb3328d3b1eecb5e1a8a,454,0.119,0.469,4.084,20,Class4,22.7,1319,36,1179
bc48d03763657ec4aa63,269,0.357,1.253,7.182,18,Class7,14.94,273,150,8
bc7286901f708e9069eb,150,0.26,0.673,4.38,28,Class13,5.36,732,556,718
bca2be7a89b9b36b45cc,194,0.51,1.521,3.778,30,Class1,6.47,86,295,2
bd099a9fd29545e3766a,98,0.449,1.357,3.673,17,Class2,5.76,136,1196,234
bd657014cfd3fe7a8fe2,95,0.411,1.832,11.126,12,Class11,7.92,186,1206,341
bd8eb49a6b08f5e66a70,117,0.342,1.538,25.923,5,Class10,23.4,316,1112,482
be032ee60c336e4701e0,149,0.289,0.987,3.107,7,Class5,21.29,553,573,489
be24259f2867b231800d,149,0.255,0.826,3.718,17,Class8,8.76,755,573,749
be503fccbf0ae5532639,161,0.242,0.72,3.596,14,Class1,11.5,848,423,791
be52205cb48c05e10567,55,0.164,0.255,3.909,6,Class5,9.17,1231,1332,1362
be75e05b9db5efb1258a,99,0.414,1.586,15.949,11,Class10,9.0,181,1191,318
bf07cdd92f1ff3197397,263,0.156,0.567,13.433,36,Class10,7.31,1245,157,1132
bfc3a5cb3b9c29f08176,329,0.146,0.65,4.182,20,Class2,16.45,1265,97,1121
bfcf5965e6024248f0a3,98,0.408,1.061,3.816,4,Class8,24.5,189,1196,338
bfl1bc2oafd8hrz2xswq,145,0.241,0.917,13.779,60,Class14,2.42,855,644,897
bgvt5n1h0qt51ze0md7w,130,0.108,0.469,7.092,63,Class8,2.06,1330,954,1359
bt192zri52uj2flwikrw,140,0.236,0.871,6.714,58,Class9,2.41,896,753,999
buv73728fa9viqgrz5mj,130,0.2,0.785,3.562,68,Class4,1.91,1089,954,1317
bvz9hmtzknu45wvb0yaw,138,0.37,1.101,3.645,58,Class3,2.38,247,788,82
bwvpzqnhh752noqjqj8d,137,0.299,1.146,4.343,63,Class2,2.17,493,813,548
c00c91256ab1777d0dbc,266,0.184,0.583,4.241,15,Class1,17.73,1162,154,1012
c08165d73ae49215c391,173,0.416,1.185,9.347,21,Class11,8.24,175,357,7
c0884e4814b0f32935f8,49,0.796,2.163,3.449,5,Class8,9.8,11,1351,94
c16e14d7aa5b4ef519e3,66,0.591,2.0,16.848,24,Class14,2.75,53,1309,157
c200d8d792314a9d3575,181,0.276,0.779,5.039,10,Class14,18.1,627,335,448
c20c86d30d19b39745e2,159,0.302,1.107,6.547,25,Class7,6.36,475,436,267
c24bc0aaf20c79d2dfda,185,0.265,0.741,4.492,4,Class8,46.25,702,325,547
c352158bed343ccff8e5,173,0.266,0.694,4.208,13,Class3,13.31,694,357,562
c35834f349db8ef7c591,330,0.139,0.752,19.782,16,Class7,20.62,1285,95,1159
c3beec92b66ff78a6ba9,199,0.246,0.834,4.759,17,Class9,11.71,823,279,687
c42aff1f9940e24491cc,96,0.448,1.49,16.062,14,Class7,6.86,140,1201,248
c4ffbc0ba8c38e725fc8,78,0.487,1.526,9.615,19,Class15,4.11,104,1277,239
c53129098375fc7f17bc,349,0.106,0.519,22.92,15,Class14,23.27,1334,85,1259
c57c5ca2df494f27ca64,141,0.305,1.277,3.404,24,Class1,5.88,460,728,450
c5b9961e65ffa73d971e,227,0.238,0.802,3.449,25,Class3,9.08,879,213,718
c5c5601b771f1b4491fa,100,0.45,1.81,16.99,18,Class15,5.56,133,1186,220
c5c5e10586e94f96fe95,233,0.21,0.914,40.901,14,Class11,16.64,1041,207,895
c5d83404b165578ef794,102,0.441,1.314,7.833,11,Class4,9.27,149,1178,243
c63d5a67687762a9f967,165,0.352,1.267,11.709,19,Class7,8.68,284,394,20
c681117f7f586fd730bb,182,0.258,1.038,4.258,17,Class10,10.71,738,333,618
c682f6819dfbfc964bc7,219,0.21,0.932,29.119,14,Class7,15.64,1041,226,900
c6ab0de398cfcbd21dc5,109,0.385,1.064,8.422,5,Class6,21.8,221,1143,355
c7bb8ace7e79b91b3346,153,0.268,0.797,3.993,17,Class13,9.0,672,511,633
c7c79725138f07b9c265,495,0.143,0.739,22.657,14,Class8,35.36,1277,23,1086
c7d5a3256a9f99ba3e98,166,0.277,1.157,8.536,14,Class14,11.86,619,385,467
c89e8b7b18082e2fa6df,226,0.235,0.673,3.934,17,Class6,13.29,903,215,745
c8d8f83d06b68fc2f944,172,0.302,1.413,11.959,35,Class13,4.91,475,363,194
c955c51bfd07134bc831,126,0.389,1.357,4.103,26,Class2,4.85,215,1010,230
c99e6802625540e4d1e2,90,0.444,1.433,3.844,9,Class4,10.0,143,1226,275
c9c946fe211251af32d1,188,0.223,0.979,4.032,26,Class4,7.23,984,311,882
c9c9f0b7606030f2aade,38,1.0,2.632,2.711,1,Class3,38.0,1,1358,79
c9e6e9322dd7054e618c,86,0.453,1.291,4.337,14,Class5,6.14,131,1239,268
ca10145a308249ed82e9,132,0.402,1.174,10.038,12,Class6,11.0,198,910,91
ca66ab7e59628143cf1e,99,0.414,1.101,3.566,2,Class8,49.5,181,1191,318
cac3f85073c947532796,313,0.275,1.016,4.316,26,Class1,12.04,633,111,297
cac84b1c3033872272f0,153,0.268,1.078,12.196,21,Class10,7.29,672,511,633
cad61c88146ec4d99a6d,6,0.167,0.167,3.667,1,Class13,6.0,1225,1363,1363
cade7d478dac7020a79b,147,0.293,0.769,3.585,16,Class4,9.19,530,610,478
cafe5989da5dfed9f404,405,0.104,0.484,3.605,30,Class4,13.5,1340,56,1244
cb2fbb322cc30a8b8fef,186,0.204,0.812,3.995,19,Class2,9.79,1071,318,982
cb65e2038b786e801292,55,0.709,2.291,11.473,13,Class12,4.23,24,1332,108
cb8c2285066597e012c6,125,0.312,0.808,2.864,6,Class3,20.83,429,1022,597
cbc8550ffaf44443c7ad,171,0.228,0.725,14.86,11,Class12,15.55,949,367,862
cby6hsod14blxr7zyfjs,150,0.22,0.76,6.927,72,Class8,2.08,1002,556,1030
cc317db3f3bb874542a7,178,0.236,0.725,5.197,15,Class8,11.87,896,343,802
cd6355bf939a47577f6d,604,0.194,0.675,3.179,34,Class1,17.76,1119,10,888
cdbfb55b48cefce540dd,80,0.475,1.375,5.45,12,Class13,6.67,115,1266,255
ce1a32f22b91f4d81015,210,0.195,0.724,3.648,21,Class1,10.0,1116,247,1003
ce9dd8f1570caa0d6f5b,380,0.108,0.345,4.076,23,Class9,16.52,1330,70,1229
cef765c4375252a6029b,108,0.278,0.722,3.296,5,Class11,21.6,611,1150,859
cf73246d819a1ea78e14,150,0.287,1.1,8.5,13,Class14,11.54,566,556,496
cf7f9c2c6872be9bf2d6,213,0.235,1.122,4.329,24,Class4,8.88,903,240,758
cfaac49f7cc94528ffa7,97,0.557,1.619,5.175,16,Class10,6.06,66,1199,74
cfi8t4xrx12m2lt4flwz,150,0.193,0.747,15.053,57,Class10,2.63,1124,556,1239
cgydhui8n3uoxbq5rznl,138,0.188,0.732,3.783,63,Class5,2.19,1151,788,1310
cm2celd9hmos24j2a5cg,120,0.233,0.95,7.05,52,Class9,2.31,918,1078,1266
cmy2w5due4kl6pn6uia5,141,0.199,0.688,15.482,61,Class7,2.31,1095,728,1283
cnkddx6ofjqd7ueylz0e,151,0.252,0.861,3.735,65,Class1,2.32,777,540,767
cnqyqc90n3ixrlc3mri7,126,0.238,0.817,3.627,58,Class3,2.17,879,1010,1130
cp4d94b2v0ws6am7mvuw,120,0.225,0.8,4.283,56,Class4,2.14,973,1078,1292
csvv3l0saxxx6pax18c3,120,0.317,1.008,7.508,53,Class10,2.26,411,1078,608
csxiwtz34vm9vr0kbryx,164,0.201,0.787,3.573,68,Class5,2.41,1086,401,1045
cunf3y04zq0f90dgy36j,149,0.221,0.765,3.597,62,Class3,2.4,998,573,1033
cuwakm24vlp785ky5w71,166,0.199,0.819,3.855,64,Class1,2.59,1095,385,1050
cy2sv8kkoybje2okbll0,139,0.252,1.0,12.604,59,Class10,2.36,777,771,863
cygc6ulxpz04ex7under,137,0.321,1.204,10.161,67,Class12,2.04,395,813,413
cz0pbk8vede7ey2oce4a,158,0.241,0.905,12.266,79,Class13,2.0,855,451,805
d02f48d05ce5e7ca16e1,139,0.302,1.424,7.288,18,Class12,7.72,475,771,499
d035c324a020e7948fe8,179,0.223,0.989,18.123,23,Class10,7.78,984,339,894
d059dfed16a6d1ca6ddf,177,0.243,1.153,12.983,32,Class12,5.53,843,346,740
d0a933a514028d777578,126,0.333,1.643,4.127,17,Class1,7.41,348,1010,464
d103bd9455fb9258c805,120,0.375,0.992,3.708,10,Class5,12.0,238,1078,336
d16ht4y29lrac1brhwm1,130,0.223,0.815,22.754,70,Class8,1.86,984,954,1277
d1df92e9d19fb2f22ebb,429,0.184,0.818,15.357,18,Class7,23.83,1162,46,953
d1e44a91dd4f37c03d43,134,0.328,0.97,2.985,9,Class4,14.89,367,872,402
d235a2c32940b970ab7c,50,0.76,2.04,2.72,4,Class3,12.5,16,1349,106
d2403aa287eb869a170a,437,0.101,0.352,3.668,20,Class1,21.85,1342,42,1230
d27565678ffa4a9bfa85,115,0.348,0.887,2.93,6,Class3,19.17,294,1124,459
d2c5423ea5fa0a995264,112,0.357,1.036,18.277,11,Class6,10.18,273,1134,431
d2cb0d0da17471ee23a9,189,0.217,0.556,3.788,10,Class11,18.9,1015,310,906
d2e033f11edce44fea3d,96,0.427,1.417,3.49,20,Class2,4.8,166,1201,298
d311ac015e2e230935b2,100,0.39,1.22,16.74,18,Class14,5.56,214,1186,375
d33a15d480f68c6ec82f,152,0.263,1.026,3.98,21,Class2,7.24,711,525,685
d3ba1fe030801d700cb6,154,0.325,0.942,3.123,14,Class3,11.0,379,499,101
d3e269bf68d51851097c,284,0.144,0.662,10.704,22,Class10,12.91,1271,132,1162
d3fd2319c0f3aa00c371,108,0.37,1.778,15.639,25,Class15,4.32,247,1150,398
d3tt41de5iashfjr1txr,124,0.25,0.879,3.798,59,Class4,2.1,789,1034,1018
d45eea92ed42431d9076,94,0.436,1.372,4.564,13,Class7,7.23,154,1214,285
d4d7a248a58363732f8e,157,0.248,0.885,18.828,23,Class15,6.83,805,465,756
d4geyy1ox6qzlz4ibz0z,130,0.246,0.946,16.277,51,Class7,2.55,823,954,1015
d4xny47ows87zd7viwj5,158,0.291,1.0,12.146,66,Class15,2.39,540,451,385
d5067bceac0ffa5e4704,81,0.481,1.346,3.901,14,Class9,5.79,108,1261,233
d52b119f8da2a1812722,165,0.267,0.715,3.0,15,Class4,11.0,687,394,574
d536120baaef5495c028,147,0.286,0.776,4.252,13,Class5,11.31,570,610,529
d53a4fb612fb801fff3d,197,0.178,0.497,4.325,16,Class6,12.31,1184,286,1120
d554e419f820fa5cb0ca,111,0.342,1.423,18.279,11,Class9,10.09,316,1136,493
d6d4488fa27e11465974,61,0.623,1.967,4.475,20,Class12,3.05,44,1322,152
d6d6e7da792fdf0106f0,122,0.336,0.992,11.557,22,Class7,5.55,333,1056,470
d6f3f410bbb24244d270,167,0.24,1.257,3.994,16,Class5,10.44,865,378,785
d6qgzp196pwnzk7agyn6,163,0.301,0.933,3.638,64,Class3,2.55,483,407,253
d72abe041b8db9118e70,113,0.336,1.071,3.204,18,Class5,6.28,333,1128,511
d7464b55181ef45e2d63,222,0.18,0.59,3.572,25,Class9,8.88,1180,221,1073
d76c58732e315933a6cf,79,0.519,1.405,5.949,14,Class15,5.64,80,1273,183
d7ad1a5f3ab7d6237f8e,365,0.2,0.619,7.332,27,Class11,13.52,1089,77,886
d8ed5a1897987ffdeaed,126,0.373,1.365,3.841,21,Class4,6.0,239,1010,280
d93519b044de1fa037b0,51,0.725,1.902,3.745,2,Class4,25.5,22,1344,117
d94c5dba40d9fcbfb8d9,154,0.37,1.156,4.519,19,Class3,8.11,247,499,23
d9dfc134efd3826bdaed,131,0.336,1.282,20.427,23,Class9,5.7,333,935,386
d9qmlhyp13mf5nto4qih,153,0.268,0.922,7.137,69,Class15,2.22,672,511,633
da2199a7da15995db5ff,119,0.361,1.487,4.092,22,Class2,5.41,262,1092,382
dac03bcbefc3a08c8b50,103,0.379,1.0,3.505,7,Class9,14.71,234,1173,394
daf693769d8638a22ee9,128,0.312,1.344,4.289,22,Class2,5.82,429,989,571
daty5mq7b20bkt2c2zfs,154,0.143,0.61,17.078,72,Class6,2.14,1277,499,1312
db0241cf536c2174d9ed,248,0.21,0.706,16.081,17,Class9,14.59,1041,185,883
db0bcf208cbed26d0bfe,51,0.784,2.098,2.824,2,Class4,25.5,12,1344,90
db2418c575c0a4f7239d,163,0.27,1.117,3.877,27,Class2,6.04,660,407,535
db54f15d48fa56b0d953,124,0.315,0.855,4.081,18,Class13,6.89,416,1034,577
dba2bc2a15c1e8d696fe,111,0.342,1.054,7.45,11,Class8,10.09,316,1136,493
dc83f9577ae72447a7b1,318,0.145,0.619,3.811,32,Class1,9.94,1269,105,1137
dc93d7d840a88e5efb17,186,0.242,1.21,32.14,21,Class14,8.86,848,318,735
dcd0562f8fb44933cb08,84,0.417,1.083,2.833,7,Class4,12.0,173,1252,352
dddd7ba8769cf90bfd62,124,0.403,1.185,3.589,21,Class6,5.9,195,1034,217
de5213e7b8c88440a298,321,0.14,0.679,24.667,19,Class13,16.89,1283,100,1160
dee7cfe3312551bdf5a5,109,0.376,1.404,11.477,16,Class12,6.81,237,1143,379
def1216bf8f3009dbe41,159,0.289,0.849,3.289,19,Class12,8.37,553,436,398
df02e3643bb9ee33fb0c,124,0.484,1.371,4.04,17,Class12,7.29,106,1034,48
df62b7675d1fdb8e6b11,137,0.314,1.35,4.299,11,Class9,12.45,421,813,445
df784e67883e018f88b8,79,0.418,1.43,14.063,17,Class13,4.65,172,1273,364
dfa917b9dc15c87ab016,622,0.084,0.605,7.908,12,Class8,51.83,1353,7,1220
dfnvtf7qbi2955rjeaqx,150,0.367,1.307,3.4,69,Class2,2.17,255,556,32
dgoapkg9vpnafks22kx4,148,0.358,1.297,4.338,69,Class2,2.14,269,592,39
di7sclw5samggg4sxipv,148,0.297,0.912,9.655,63,Class15,2.35,506,592,432
dri4ey8he2jovloucu86,125,0.192,0.72,7.208,63,Class14,1.98,1131,1022,1337
dt7s87imgsbma3l5scym,144,0.257,0.889,15.368,69,Class13,2.09,745,662,789
dwg6k0ka5vuwzo5h11m0,153,0.222,0.895,15.039,55,Class7,2.78,992,511,987
e00bc7d9f2ce32c4f745,200,0.22,1.275,20.23,30,Class12,6.67,1002,276,883
e0be3445997310f4d68e,324,0.13,0.707,13.716,22,Class14,14.73,1302,98,1198
e103cf810dfba59d0431,156,0.295,0.744,3.66,9,Class8,17.33,517,480,376
e17f01453906e3ae5716,320,0.147,0.516,3.941,22,Class5,14.55,1263,101,1119
e199ddadaaf5aee02eb8,197,0.254,0.68,3.254,23,Class8,8.57,761,286,619
e224221a9971f9f45489,207,0.343,1.295,5.42,20,Class7,10.35,314,257,18
e22c18eef214a779b4c2,197,0.299,1.188,8.299,23,Class12,8.57,493,286,161
e23ada44d3eac9b465d2,91,0.451,1.407,3.857,25,Class1,3.64,132,1223,251
e28711e2f5500d3d6b04,657,0.065,0.447,8.635,25,Class8,26.28,1363,3,1245
e2d7ee3637149f7087b2,227,0.176,0.52,3.956,18,Class10,12.61,1193,213,1084
e2ea6dbbe90983dbb208,217,0.212,0.714,3.346,8,Class9,27.12,1031,232,896
e2ee4818284ba527ef0a,95,0.4,1.232,3.316,11,Class15,8.64,201,1206,365
e324cc9cb52a2b3cb9cb,262,0.156,0.466,3.107,18,Class1,14.56,1245,160,1135
e37bbe9fe37f92b785d9,235,0.306,1.204,3.783,26,Class1,9.04,457,205,46
e3b920878572dbcf8c9e,38,1.0,2.632,2.658,1,Class3,38.0,1,1358,79
e3ce61b92eeae0a33633,86,0.477,1.279,3.965,8,Class3,10.75,112,1239,227
e3d0782396c346359a8f,116,0.422,1.19,3.888,9,Class4,12.89,170,1118,236
e43a0e28d5cd6b54a2af,90,0.456,1.278,4.422,12,Class10,7.5,130,1226,250
e43g7im7dra88a4o8bbl,144,0.292,0.868,20.347,62,Class11,2.32,537,662,514
e4af37199530e9ea523c,260,0.154,0.638,8.488,22,Class6,11.82,1253,166,1157
e4c80506c14da4ad563d,159,0.258,0.994,9.629,16,Class11,9.94,738,436,672
e4d6737b176e6ca5ef06,192,0.286,0.734,4.974,16,Class11,12.0,570,302,333
e50db74322430aa289b1,148,0.284,1.041,16.689,13,Class11,11.38,582,592,538
e58gk2f3crnwqnx0gett,130,0.308,1.077,16.069,60,Class12,2.17,451,954,579
e5b30ace9334d153e076,222,0.198,0.919,24.045,16,Class14,13.88,1099,221,965
e5cab2ae37f3a9ed4f46,141,0.262,0.681,3.766,8,Class6,17.62,719,728,792
e62f7655cb5259abfbf1,186,0.237,0.683,3.414,22,Class6,8.45,889,318,781
e6b9a4292b6a8e8e0ef0,52,0.769,2.058,6.75,11,Class7,4.73,15,1342,97
e6c8ce7f4d7b0b4ca4a6,179,0.246,0.81,4.43,28,Class2,6.39,823,339,712
e716574233e87591ff19,265,0.155,0.562,3.743,22,Class1,12.05,1251,155,1151
e73ae5f649c6f52b3fb1,154,0.325,1.325,3.766,32,Class11,4.81,379,499,101
e77eaaa90a75ea6167f4,150,0.28,0.933,9.513,15,Class14,10.0,600,556,543
e7958857e7d2292ffbc7,159,0.226,0.748,5.358,14,Class8,11.36,963,436,912
e7feb8599ea5f596aeac,125,0.368,1.36,4.384,29,Class10,4.31,252,1022,314
e851f82a650692f8e591,211,0.237,0.791,3.72,21,Class3,10.05,889,245,742
e865c97bc96802575f80,427,0.136,0.585,14.206,26,Class12,16.42,1295,48,1145
e86f896d71d48d87464d,61,0.246,0.59,3.951,10,Class3,6.1,823,1322,1270
e877c03b218bddedd3b8,147,0.265,0.755,3.299,14,Class13,10.5,702,610,706
e89cdaa3f159a0d3f55e,633,0.123,0.537,3.605,29,Class1,21.83,1310,6,1133
e9b6fa8a87469779d732,251,0.191,0.733,3.331,30,Class4,8.37,1136,182,992
e9vzigim3qs88f721ohz,137,0.263,0.949,6.606,57,Class9,2.4,711,813,814
eacb3353d7bc80cf3e7a,92,0.435,1.554,19.054,17,Class15,5.41,155,1218,293
eb4493aa138e8edc3f6d,180,0.217,0.622,3.706,10,Class14,18.0,1015,337,928
eb93cedc17b4eac76750,180,0.233,0.911,23.878,22,Class11,8.18,918,337,820
ebe7a295f61c831b0093,188,0.298,1.122,11.521,9,Class9,20.89,504,311,214
ec4897070f2d3b6eab89,116,0.328,1.147,4.095,18,Class4,6.44,367,1118,558
ec5zb47nxjbuzemc81p0,156,0.205,0.705,9.378,72,Class8,2.17,1065,480,1066
ec86426a6e0331d06091,102,0.373,1.01,5.098,11,Class12,9.27,239,1178,417
ed4b51eb098deb0ba58e,156,0.346,1.462,6.84,20,Class12,7.8,302,480,34
ed5a13234f04cae4894d,54,0.667,1.778,4.037,10,Class8,5.4,30,1336,130
ed94d52e091b68ca5ee5,207,0.338,1.391,6.546,14,Class13,14.79,324,257,19
ee07cc24589beb775d33,208,0.226,1.01,41.822,18,Class10,11.56,963,251,830
ee1ef9674f9e0bfca48b,65,0.662,1.646,3.354,11,Class2,5.91,33,1312,110
eec0307b4d47609d6933,370,0.122,0.557,3.984,25,Class7,14.8,1312,76,1200
ef04ejvyvmh5votejbif,150,0.22,0.953,3.84,60,Class2,2.5,1002,556,1030
ef133c92e274a97b6eeb,68,0.559,1.794,27.044,7,Class10,9.71,63,1305,173
ef912a5602a5f70b244b,86,0.442,1.395,9.209,18,Class12,4.78,145,1239,289
efb9fe363bdeb9f48d69,102,0.373,1.01,3.618,18,Class3,5.67,239,1178,417
efd58fbebca61c41c881,37,1.0,2.595,4.811,3,Class10,12.33,1,1361,81
em248gxmeso9cw0wzlv8,150,0.187,0.807,3.907,60,Class5,2.5,1153,556,1274
emnk7ob7xxxdiph6fun3,151,0.252,0.94,6.775,79,Class13,1.91,777,540,767
erjfooit15024g7nj8co,137,0.299,1.088,15.394,60,Class12,2.28,493,813,548
exaiz0y0uvpeg498cg4j,138,0.217,0.841,12.507,62,Class15,2.23,1015,788,1213
exj3a7hd6gwihbowgm3w,143,0.196,0.706,3.72,68,Class1,2.1,1111,679,1280
ezdogkk0jqt4nvvvbnxp,126,0.286,0.976,7.056,56,Class7,2.25,570,1010,754
f05247f3d32a4bf5a6df,351,0.145,0.422,3.926,20,Class6,17.55,1269,83,1114
f058870b1bc33e288e82,136,0.36,1.169,3.625,11,Class1,12.36,265,838,178
f06c3ddb1a98713eeb32,268,0.168,0.608,4.526,18,Class1,14.89,1219,151,1083
f1c1c0932bfeb74762d0,445,0.101,0.456,5.692,24,Class8,18.54,1342,39,1226
f22c9341431a6123f670,129,0.302,1.093,4.426,11,Class5,11.73,475,973,640
f25a777dbbda3d4314d7,146,0.329,1.062,3.164,12,Class2,12.17,364,627,198
f26c1d520ac39293c68a,438,0.121,0.53,6.043,26,Class7,16.85,1314,41,1169
f286ac7cd0663855cc5f,148,0.311,0.926,9.5,12,Class14,12.33,438,592,321
f36a755a3fa5db5c0743,156,0.25,1.019,4.282,17,Class4,9.18,789,480,743
f47eab262dd5809d4d60,124,0.331,1.218,3.484,21,Class2,5.9,355,1034,488
f4e46ba446c56e56259b,161,0.255,0.783,3.758,13,Class3,12.38,755,423,686
f50dcd09709383fea95f,197,0.264,0.736,3.914,14,Class8,14.07,709,286,530
f527k17lr4aumahjtj92,139,0.108,0.504,15.561,66,Class6,2.11,1330,771,1353
f5c3c6eb77fac482de13,85,0.447,1.341,8.8,19,Class12,4.47,142,1248,292
f5j3cojh9fr5gvylr0yi,142,0.176,0.739,12.225,66,Class8,2.15,1193,699,1313
f5jwwahac3fyc6rq5tex,140,0.279,1.007,9.764,63,Class12,2.22,607,753,679
f63cab44b941c6ca80d6,222,0.252,0.775,11.59,19,Class14,11.68,777,221,606
f7a14eb1e15ceeea955c,166,0.277,1.283,4.789,25,Class2,6.64,619,385,467
f7c4a29d42220e1cea27,148,0.345,1.378,14.581,23,Class15,6.43,307,592,56
f81f52969ef1de783de3,162,0.235,0.92,22.284,17,Class6,9.53,903,417,841
f82461b84c9c48a36613,170,0.247,1.094,3.647,25,Class2,6.8,817,370,730
f8c2f04e8e116f0fd237,348,0.224,0.713,3.753,29,Class9,12.0,979,86,777
f964ee6bca634319a68f,278,0.183,0.978,6.478,8,Class7,34.75,1167,138,1010
f9c641e9c05c243a751e,157,0.261,0.822,6.72,9,Class11,17.44,727,465,675
f9d95830556934ae9a01,241,0.232,0.801,3.432,25,Class2,9.64,924,196,764
f9dde99f5db421171b51,533,0.073,0.424,12.891,22,Class6,24.23,1359,15,1249
f9ef2830cd485d038b53,31,0.935,2.419,3.097,1,Class3,31.0,4,1362,88
faa31dca7ed1dd11fe44,436,0.11,0.649,14.626,17,Class14,25.65,1329,43,1205
fabad359607dabbaaed4,129,0.357,1.372,4.302,20,Class7,6.45,273,973,315
fb4411db1aac3cd2544b,138,0.268,0.899,3.862,18,Class1,7.67,672,788,771
fb5d5693ffa9f022a191,92,0.435,1.359,4.37,17,Class12,5.41,155,1218,293
fb735wd248crm37cgmgw,126,0.302,1.056,3.714,61,Class3,2.07,475,1010,658
fc1c9dd58091c33d8888,388,0.162,0.575,4.415,19,Class13,20.42,1237,65,1057
fc39de3859d890b9693d,223,0.206,0.74,15.641,13,Class7,17.15,1061,218,921
fc5a9edc3413ecece4bd,76,0.605,1.645,5.579,22,Class13,3.45,48,1286,122
fc916744a3bd5120978f,169,0.266,0.905,6.243,10,Class9,16.9,694,372,573
fcf6463f948b24ac7cd8,120,0.325,1.058,6.258,16,Class7,7.5,379,1078,544
fcwom6dicy0kov3lxsf8,147,0.299,1.054,9.15,71,Class11,2.07,493,610,425
fda1eaffdfa7350e5d97,306,0.186,0.516,5.461,28,Class15,10.93,1158,118,985
fdd50b3ad56dcf116c82,100,0.4,1.21,4.72,20,Class12,5.0,201,1186,350
fdd714a996ac8bd8006d,62,0.661,2.065,3.597,12,Class13,5.17,34,1316,118
fe40bd528b4fbbf591e1,205,0.19,0.79,3.966,24,Class5,8.54,1143,261,1044
fe5cf715d9c94fc7779e,77,0.519,1.688,4.416,3,Class7,25.67,80,1282,191
fe752a6d1aa3d710d738,251,0.191,0.55,3.398,28,Class5,8.96,1136,182,992
fef67841144f4c95a6c5,77,0.545,1.857,8.636,12,Class13,6.42,72,1282,168
ff2d815d9ef74b153b54,106,0.415,1.113,4.274,25,Class12,4.24,179,1159,288
ff59855075a6bc39d62b,76,0.539,1.382,3.237,9,Class1,8.44,74,1286,182
ff63c210b94623453b5f,262,0.248,0.763,3.649,18,Class9,14.56,805,160,611
ffe3886e3e3bab0249b5,176,0.301,1.284,33.045,18,Class13,9.78,483,352,204
fkenlzdweox7v0zaopqo,124,0.234,0.863,3.984,65,Class4,1.91,910,1034,1215
flde3irykh8wauaj2fuw,134,0.172,0.761,3.672,59,Class5,2.27,1209,872,1340
fnvhgnuqbir0drk8p1v2,122,0.27,1.016,20.549,56,Class10,2.18,660,1056,874
fov3pbwdqzvhgcjp7o9f,158,0.266,0.823,4.316,67,Class3,2.36,694,451,627
fqcud1c5mt7pdp9w0v6y,118,0.237,0.847,4.008,61,Class4,1.93,889,1104,1237
fvlb9xi66oze7eo3yhdh,157,0.312,0.975,3.815,61,Class3,2.57,429,465,189
fvqo3hum9a1rl6rxbyre,143,0.196,0.706,10.224,65,Class8,2.2,1111,679,1280
fvurnsqlgyr9zbd6msqs,129,0.209,0.775,3.527,64,Class1,2.02,1049,973,1307
g4l5baozrnfblxayrhox,154,0.273,0.896,8.864,71,Class8,2.17,643,499,575
g5wbnnhq1jbyc32q3003,142,0.218,0.859,3.803,66,Class5,2.15,1011,699,1127
ggweeccb6anw0j3y32t0,157,0.223,0.828,9.102,70,Class8,2.24,984,465,954
gj009a2t56bxjluh0mox,168,0.268,0.952,6.274,80,Class11,2.1,672,375,532
gk8izwg77g6t4p5buiar,133,0.241,0.842,15.744,64,Class11,2.08,855,887,1021
gm1xiqmop9j2d2acc2jg,141,0.149,0.681,23.872,67,Class8,2.1,1262,728,1338
gq3jw96afgct5rjiim20,141,0.305,0.993,9.596,71,Class11,1.99,460,728,450
gsirdbny6840zq22vo7a,159,0.289,0.962,11.17,73,Class11,2.18,553,436,398
gzthlilac9ixoayq02u1,152,0.283,1.086,12.717,61,Class7,2.49,587,525,505
h6miro3m8713s3dxuipr,136,0.272,0.949,3.287,58,Class4,2.34,647,838,759
h7i4kmpsra4szfbhrcbh,140,0.25,0.936,15.543,67,Class14,2.09,789,753,871
h9urbo4ce8x02brjnloz,131,0.221,0.771,3.626,63,Class5,2.08,998,935,1278
hc0idvz0lxc4zpx94cbx,129,0.248,0.915,22.364,60,Class11,2.15,805,973,1005
hcm6w0jxnfqhkpm745cu,153,0.294,0.915,3.712,69,Class3,2.22,525,511,419
hhplrx9xd7cm2w7aslma,154,0.156,0.571,9.643,71,Class6,2.17,1245,499,1303
hjcfqm1yfzh8s77mo3ec,142,0.261,0.887,12.324,66,Class9,2.15,727,699,783
hkk3qiui3e3r969oyfhf,157,0.21,0.771,3.911,68,Class8,2.31,1041,465,1030
hoedc2pzfz6av5bn1jq3,132,0.295,1.0,3.856,60,Class5,2.2,517,910,655
hpb03ydulnt2b9ffa0j2,146,0.233,0.863,6.658,64,Class8,2.28,918,627,956
hpty3h6eij2tr467ueks,120,0.242,0.917,14.817,59,Class14,2.03,848,1078,1125
hq2dy5tjgczdmkvq0l2d,50,0.76,2.16,36.5,6,Class11,8.33,16,1349,106
hu267zw9zywa4ew3d5bw,168,0.28,0.929,10.976,74,Class15,2.27,600,375,433
hva2hcwvh4mv0i4t59t6,127,0.268,0.874,14.882,59,Class14,2.15,672,1004,856
hz3im1vs42bx5rxbn7wh,143,0.224,0.776,15.503,76,Class13,1.88,979,679,1064
i1fr7kd71b2ni39kn958,133,0.226,0.714,3.474,64,Class4,2.08,963,887,1196
i21qi5qdsjqcch2xvdd5,151,0.205,0.775,3.96,64,Class1,2.36,1065,540,1100
i39gdpglcxstun30b4yw,133,0.263,0.94,10.383,61,Class15,2.18,711,887,846
i3b6qk80m9jqwgft968o,128,0.336,1.023,7.289,58,Class9,2.21,333,989,428
i5hexmb5zlzhd8lvwdv3,122,0.246,0.82,3.549,58,Class4,2.1,823,1056,1075
i8gdglua8vbd4ul9x09f,148,0.277,0.912,3.534,67,Class3,2.21,619,592,607
i8lx9f5ut0kaz120j30d,129,0.225,0.853,7.419,53,Class7,2.43,973,973,1271
i8ryguu9cpkrb6ouhwqq,163,0.344,1.258,18.982,71,Class12,2.3,311,407,29
i8wbhc071gfhkbhtmeb1,125,0.296,0.984,10.328,63,Class11,1.98,513,1022,698
icu31mfcha34dnwbsui2,118,0.271,0.856,17.576,59,Class13,2.0,652,1104,890
ifj584ryrjv639n4nnsu,144,0.25,0.847,3.979,63,Class1,2.29,789,662,835
ij9llitbhr4gi126l772,159,0.214,0.843,9.906,76,Class13,2.09,1027,436,991
ijieo064jbrs5ss1cmol,139,0.23,0.906,3.626,58,Class4,2.4,935,771,1058
ik7o5ykfnku0qp74sy1i,134,0.299,1.104,3.821,62,Class2,2.16,493,872,594
inyirhdpjahiguhs9e5b,149,0.208,0.812,3.691,69,Class5,2.16,1053,573,1103
ipd72mytvphpd9tcejgb,139,0.331,1.007,6.424,60,Class9,2.32,355,771,309
iqhpwbqkqi7kugzduhit,150,0.247,0.947,6.693,65,Class14,2.31,817,556,812
isa355t9q5rut5fm8aml,142,0.254,0.894,4.655,68,Class1,2.09,761,699,816
isavn2ahb9n5z1q8win5,123,0.244,1.016,3.829,54,Class5,2.28,841,1048,1092
iwjs5oi2pl8omkdrs53q,145,0.283,0.986,12.717,67,Class14,2.16,587,644,590
j07d6onchxesk14v7b8w,132,0.25,0.992,13.47,61,Class12,2.16,789,910,951
j605t14y7ie6vr2n8s2c,138,0.225,0.732,7.116,58,Class6,2.38,973,788,1128
j8inicu0iafkpv3u9431,140,0.229,0.843,3.871,58,Class5,2.41,944,753,1060
jb3fqd2b9oyprn83h646,143,0.28,0.86,9.783,60,Class10,2.38,600,679,637
je7kqkmpwkosa7nkgfpx,137,0.248,0.978,3.942,63,Class2,2.17,805,813,917
jhmn3s11l13woe6jy3zg,166,0.253,0.958,14.271,62,Class10,2.68,769,385,683
jivt017uwst4sg4fqlek,131,0.176,0.786,13.046,59,Class9,2.22,1193,935,1342
jj1jl4nhnkxllubypoq3,138,0.188,0.732,12.717,64,Class8,2.16,1151,788,1310
jjx780kahllbp5y3x7p8,153,0.248,0.882,4.549,63,Class14,2.43,805,511,780
jnupp0jsv1kjsvbzlnrr,118,0.144,0.644,8.042,63,Class6,1.87,1271,1104,1361
jsmqh4aa20rpfeqmyx4h,132,0.28,0.939,17.288,51,Class10,2.59,600,910,736
jtbq3gkfw2tcsjvfwm56,142,0.289,0.972,9.426,69,Class9,2.06,553,699,566
jv67r7eqa9z2a1777eex,150,0.313,1.053,6.947,55,Class7,2.73,425,556,273
jwdjcrxdn0um79f0rjvw,134,0.246,0.896,4.082,64,Class1,2.09,823,872,969
jyaxybaq8vui614ytd8i,147,0.265,0.939,3.857,67,Class4,2.19,702,610,706
k1r03pvvsv9zxrft5jgi,153,0.203,0.895,6.778,58,Class7,2.64,1077,511,1097
k4usquerebza4uy0i57h,131,0.176,0.679,3.802,69,Class1,1.9,1193,935,1342
k6jujv82n727fuwbxa6f,153,0.255,0.993,16.817,69,Class15,2.22,755,511,727
k6kv9y9tqfll5d282ymb,141,0.305,0.972,10.163,63,Class15,2.24,460,728,450
k7fa3kdg6dq9avbiqv1f,149,0.228,0.913,6.96,70,Class15,2.13,949,573,967
k8d21tlgxmu6i35atvub,155,0.239,0.884,4.039,66,Class9,2.35,870,490,838
kg28tppvvsvr918dkvlb,119,0.286,1.0,27.571,50,Class10,2.38,570,1092,797
kilhyvtskm84umerpjee,142,0.254,0.894,3.718,66,Class4,2.15,761,699,816
kpw433bcv21ksp1wgrux,141,0.319,1.085,3.73,68,Class3,2.07,403,728,362
ksm67082xy9g2wnalt38,151,0.291,1.079,12.119,73,Class12,2.07,540,540,449
l1rn095adguamaugi4ux,152,0.342,1.079,9.263,71,Class15,2.14,316,525,45
l2yv9tvvcakn7ikerccy,132,0.189,0.735,10.629,52,Class10,2.54,1147,910,1328
l41f9f1gb0y5rxcqfv64,132,0.167,0.682,13.705,66,Class8,2.0,1225,910,1348
l82rq4xaymt7t5uytax9,132,0.22,0.902,13.485,52,Class10,2.54,1002,910,1276
lewkf2owb42ywhfto9yf,147,0.197,0.81,5.626,65,Class5,2.26,1106,610,1252
lexte4gc3dvjb7ty0qf5,141,0.284,0.972,3.518,66,Class4,2.14,582,728,644
lf5hmkicbiuolk7khwwb,149,0.208,0.826,7.329,46,Class7,3.24,1053,573,1103
ljylby8inwh5b93wkean,148,0.196,0.655,9.662,67,Class8,2.21,1111,592,1247
lpzjucfyqwtb8ihim9b3,144,0.299,0.958,14.681,63,Class11,2.29,493,662,461
lqg2nmqf4x8w52gx12xw,128,0.273,0.867,16.555,68,Class11,1.88,643,989,825
lqm8jh0uggps7yd0lx2x,133,0.218,0.737,7.173,67,Class8,1.99,1011,887,1273
lswzzwjmreuixxjqglhy,137,0.226,0.781,18.745,61,Class10,2.25,963,813,1129
lvp2qmljigke8u0nfbvl,133,0.211,0.917,20.165,63,Class14,2.11,1036,887,1287
lx7vfcjhdxzh2wkt42hc,158,0.259,0.88,6.886,55,Class7,2.87,735,451,677
lzvutqpj9ggc0nwwsxcv,141,0.156,0.837,3.447,60,Class1,2.35,1245,728,1335
m380dsj058viwn3ly6j1,135,0.23,0.8,9.504,72,Class15,1.88,935,857,1107
m3xzctvbxlbxz80zz042,135,0.2,0.778,3.511,64,Class5,2.11,1089,857,1299
m3y8jkkgflwqwcelrwzz,133,0.286,0.962,3.744,62,Class3,2.15,570,887,697
m4qqnaq8p8fn7b7bl5ic,140,0.271,1.014,12.636,70,Class12,2.0,652,753,728
m6p2hujqw21vc4lyt3f3,134,0.119,0.567,10.09,61,Class6,2.2,1319,872,1356
mbbw64iibpv7ndj2iie1,138,0.232,0.986,19.442,68,Class14,2.03,924,788,1052
me044us8pj1824r4dye2,159,0.17,0.654,11.642,72,Class8,2.21,1214,436,1279
me4d1o3nzhyoj0xfast0,128,0.234,0.805,13.641,65,Class6,1.97,910,989,1176
mhufhb84kyqgs0anwy1d,137,0.212,0.796,12.708,65,Class6,2.11,1031,813,1265
mm5p2ct8c21h4q753p3n,147,0.299,1.163,15.837,76,Class12,1.93,493,610,425
mn8t0yyppsznr674ic1a,140,0.171,0.636,5.357,64,Class5,2.19,1211,753,1327
mqqf68ny1kdp6i69i7tt,138,0.254,0.87,4.174,65,Class4,2.12,761,788,854
msko5bf6rjt9adsuxby9,153,0.268,0.843,10.68,76,Class11,2.01,672,511,633
mwmft9w9vjod1g7jidmb,142,0.38,1.183,9.986,63,Class12,2.25,232,699,42
n1nh33yq3nhwt4mx36yc,136,0.331,1.14,7.169,63,Class9,2.16,355,838,360
n20d6b4o2g64oaa3q8ym,152,0.224,0.836,11.882,74,Class13,2.05,979,525,977
n2bgnbybijni2e9crs4x,129,0.326,1.186,14.349,62,Class12,2.08,375,973,480
n3dkt0eq0ekpby9lv06i,128,0.391,1.281,10.398,61,Class12,2.1,212,989,209
n8pe3tt7qmlgojwhhsj0,113,0.239,1.027,3.929,55,Class2,2.05,870,1128,1216
nd9xpohv0s4ttw0o7fts,144,0.181,0.653,7.222,75,Class8,1.92,1175,662,1301
ng2c52g74hfaudyxmm6m,165,0.224,0.848,3.764,64,Class5,2.58,979,394,906
nilkp0a54b01p87udccl,132,0.242,0.902,10.955,72,Class13,1.83,848,910,1027
nkr2o4v6q9alvt7ju51e,141,0.199,0.709,15.149,62,Class6,2.27,1095,728,1283
nl4vt11ikn4we06zu0zj,149,0.309,1.04,3.678,64,Class3,2.33,447,573,324
no0afrue2n6m8hcnuek1,171,0.275,0.93,5.234,73,Class3,2.34,633,367,476
nq4jln5s1zqjk7nwbbeo,101,0.347,1.05,4.02,58,Class15,1.74,297,1183,495
nrv5a6tr3ya2iv3p5xpo,127,0.307,1.181,11.024,57,Class7,2.23,454,1004,622
nx4zicy1jbulkuen41s5,153,0.183,0.621,4.176,74,Class6,2.07,1167,511,1269
ny6yox8nvtlotclebkk8,137,0.219,0.774,9.642,69,Class8,1.99,1008,813,1221
o3jddioub8dsv0fm22qn,130,0.208,0.8,10.4,62,Class6,2.1,1053,954,1306
o5lo8q4tb8yt0v8imkw4,144,0.229,0.854,3.694,63,Class1,2.29,944,662,1011
o6kw9thwvq6csdr9taal,162,0.278,1.037,11.457,69,Class15,2.35,611,417,474
o6tn58jvkqobrz2qmf5i,142,0.324,1.176,12.958,63,Class14,2.25,384,699,307
obyl72l5qy37to65i5ml,158,0.266,0.899,11.658,70,Class11,2.26,694,451,627
oc0ww31yssff9rktgowo,152,0.217,0.868,19.658,72,Class6,2.11,1015,525,1029
oi7j42phxrp4mc1n9h4b,122,0.254,0.902,4.18,63,Class4,1.94,761,1056,990
oit2xadfbpuveswzx4pf,131,0.237,0.748,3.473,63,Class1,2.08,889,935,1089
omzalmrzys0ymf4cgt03,158,0.285,0.994,11.582,77,Class13,2.05,579,451,454
oppl3ojvw61dvd5yw1wl,173,0.249,0.85,4.121,72,Class1,2.4,804,357,701
orgvbr9mbmfo4z8tbsa3,145,0.241,0.828,6.897,52,Class7,2.79,855,644,897
oriig6s6fmvi4f7mxamy,159,0.233,0.855,6.377,59,Class9,2.69,918,436,860
orubxhpr5e1heat93ue4,135,0.178,0.778,18.511,66,Class6,2.05,1184,857,1331
otznu9tyqq50x0xij3br,139,0.137,0.705,15.475,71,Class13,1.96,1291,771,1349
ov1tvylbnny48ojayssl,139,0.252,0.95,12.633,70,Class11,1.99,777,771,863
owzdfs89mm4ci0382a3b,142,0.239,0.873,20.599,75,Class15,1.89,870,699,940
oyaoqkf2b1we4b67bv8l,149,0.242,0.846,12.389,57,Class10,2.61,848,573,851
p10d5vx8mpn0v82i51gp,155,0.271,1.019,20.161,62,Class7,2.5,652,490,589
p3cs5x8cxrwubesmagvl,157,0.229,0.841,5.127,65,Class5,2.42,944,465,904
p58nsuk0hj5uh2xk2k9p,137,0.285,0.891,9.679,64,Class9,2.14,579,813,676
p611flt77czmqgut14jl,138,0.167,0.638,15.333,55,Class6,2.51,1225,788,1336
p6cp3ogj6xy2riczfupv,135,0.296,0.993,3.785,62,Class2,2.18,513,857,615
p8bk6cdfntr0humt6q45,128,0.32,1.148,8.297,60,Class15,2.13,400,989,517
p9a57kwg5xdwjzm8eql9,133,0.301,0.962,9.797,68,Class11,1.96,483,887,592
p9enp5lzhiufas1xpd8p,130,0.231,0.846,10.231,53,Class7,2.45,928,954,1184
pammg9gw4enjosw3z60e,134,0.246,0.94,9.701,68,Class15,1.97,823,872,969
pg8ucem69ixbqhznx0x2,116,0.241,0.888,3.974,52,Class5,2.23,855,1118,1177
pgknalznufvmvwgc1ca8,146,0.205,0.781,15.075,69,Class6,2.12,1065,627,1175
pgrig4vo54owe59j2j5f,143,0.238,0.965,6.671,66,Class12,2.17,879,679,946
pkjom9yr5m9690fg6wsi,124,0.274,1.065,4.113,60,Class2,2.07,638,1034,840
pr6b1twg5sgsrzek6adi,157,0.172,0.707,3.93,64,Class1,2.45,1209,465,1285
preni1j2j1gkvq1knpag,124,0.226,0.726,12.452,69,Class8,1.8,963,1034,1282
putb7ja6dwpdag4bwvnj,148,0.291,1.041,3.824,66,Class2,2.24,540,592,483
pv0c4za1m616k25gfwfb,142,0.289,0.944,3.768,68,Class4,2.09,553,699,566
pva49fsfcbexwz1crjvg,132,0.25,0.955,13.886,55,Class10,2.4,789,910,951
pxnnkthuxasggux3hyae,148,0.25,0.885,12.047,66,Class15,2.24,789,592,800
q1movls9kc4kglv6sb5g,147,0.388,1.354,11.912,75,Class12,1.96,218,610,28
qaubz3kt65qtoit8g4vi,143,0.28,1.021,15.573,63,Class14,2.27,600,679,637
qd5cqu3du8n28xxtkftw,162,0.321,1.043,3.765,69,Class3,2.35,395,417,66
qg0soq1i1uy7yndj17gd,121,0.298,0.942,10.818,52,Class10,2.33,504,1070,705
qkc2f9omqulfmn3j0m9p,132,0.311,0.909,12.553,62,Class15,2.13,438,910,525
qmf8702zbahi9083s7aq,138,0.275,1.007,16.304,56,Class10,2.46,633,788,721
qol4cum3ewnz45dzpijx,145,0.269,0.855,9.386,63,Class9,2.3,669,644,691
qrrck1nnty89cmohw40b,124,0.323,1.016,11.016,59,Class14,2.1,389,1034,531
qu1rl2d6teeyti106rgx,131,0.26,0.855,7.374,60,Class11,2.18,732,935,899
quam8ci0euq2dz8xldzz,148,0.223,0.777,6.439,65,Class8,2.28,984,592,1024
qw19zri3d9vkqjhcn3xk,111,0.324,0.973,11.009,60,Class11,1.85,384,1136,602
qw1seyo5nrhlm8vby58w,147,0.177,0.789,3.646,65,Class1,2.26,1189,610,1297
qxnna0of95m3oebjc84f,132,0.205,0.886,19.129,72,Class13,1.83,1065,910,1298
qz6jjynwbd3szlp0rj04,133,0.241,0.774,4.248,66,Class1,2.02,855,887,1021
r28s9kyo7knrvytyvmt8,137,0.248,0.847,7.664,71,Class13,1.93,805,813,917
r3uk44zat2tcyj5wmojt,152,0.23,0.928,11.974,57,Class7,2.67,935,525,929
r4oklg89q3yx9o2dfq3q,122,0.246,0.861,7.59,59,Class13,2.07,823,1056,1075
r7embk7pqzg5g5p245x4,148,0.27,0.98,16.02,60,Class7,2.47,660,592,664
r9m46ndmmmzeeehft96z,141,0.262,0.872,18.376,75,Class15,1.88,719,728,792
rb8z9vpc5uyhbcaa71v5,159,0.27,0.925,18.918,71,Class11,2.24,660,436,560
rd32gyblqsfn03xatnmt,178,0.287,1.146,3.629,77,Class2,2.31,566,343,359
rd4p70jwu852pbdjwl2d,139,0.273,1.029,12.835,69,Class8,2.01,643,771,725
rdf3wmujcm1k56ftf8uc,145,0.248,0.828,9.255,69,Class11,2.1,805,644,839
reo07h0d5zehmotdlz2w,120,0.283,0.992,3.667,60,Class4,2.0,587,1078,806
rgl39qjfatpnh3v4o28m,159,0.245,0.912,17.824,68,Class14,2.34,836,436,779
rq44ojyrvdtad0tzsm32,169,0.243,0.817,3.473,66,Class4,2.56,843,372,753
rsclhbtmbxt0xrye64ax,140,0.193,0.793,21.343,64,Class6,2.19,1124,753,1294
rufanlg0slv70u876a05,155,0.284,0.961,7.49,67,Class14,2.31,582,490,480
s0vfgmhobw9jq6al8iww,135,0.215,0.822,4.044,58,Class1,2.33,1024,857,1274
s8uk59p9w5ck47wlw3ea,144,0.25,0.785,9.562,62,Class9,2.32,789,662,835
s97masc6nt48h4ly8s1w,141,0.22,0.794,16.099,52,Class7,2.71,1002,728,1137
sbb3va36jvpkdpj257ek,143,0.329,1.168,7.161,65,Class12,2.2,364,679,249
scl0uh5ig9ehluvs46h2,144,0.299,1.132,9.688,70,Class12,2.06,493,662,461
sdun9fmcol7sud39mllw,160,0.231,0.75,4.875,67,Class5,2.39,928,431,877
sf30f3p1koevnfztc2pd,127,0.228,0.969,7.693,52,Class7,2.44,949,1004,1264
sfmngecoi3b7ahvhi2k6,89,0.416,1.36,4.753,6,Class11,14.83,175,1229,339
shtnl1wh1mconb8od5ko,136,0.265,1.169,4.022,60,Class2,2.27,702,838,819
si6ymh6w7xbo2f40o0p8,142,0.282,1.099,3.697,57,Class2,2.49,594,699,642
sie4alrjjjvlk0w9ye5l,158,0.228,0.892,11.791,77,Class13,2.05,949,451,903
siv6gzi7una85o8fzrwi,137,0.248,0.905,15.73,61,Class9,2.25,805,813,917
skyax9iocbd5gzronpru,157,0.344,1.204,9.516,60,Class7,2.62,311,465,35
slmfpw1fyabrtys8ufg9,122,0.27,0.934,3.992,66,Class15,1.85,660,1056,874
spyu1at0d9k1wxtenlhe,143,0.224,0.888,13.517,74,Class13,1.93,979,679,1064
ss27ig83t1pi1ztsy5w8,144,0.257,0.917,10.285,65,Class10,2.22,745,662,789
styld7k1gge5cvjria5b,126,0.286,0.905,4.698,58,Class1,2.17,570,1010,754
sushd67p0jy6f04a3h0m,135,0.23,0.941,10.815,51,Class7,2.65,935,857,1107
svxexhg20hs3bbqd4fm7,142,0.239,0.831,3.662,63,Class4,2.25,870,699,940
sx57v4y3hp52f9selxdo,143,0.294,1.049,10.035,62,Class12,2.31,525,679,509
sx8c4g672zgcw7w2lflp,159,0.27,0.912,8.711,79,Class11,2.01,660,436,560
t23e5lcdy5k50uvg5k0v,128,0.297,1.023,6.773,63,Class11,2.03,506,989,680
t3wo8xb4rq94n3fpfk35,142,0.239,0.852,3.965,64,Class1,2.22,870,699,940
t5uf4x6hffga8in2ua6l,149,0.221,0.752,12.06,72,Class13,2.07,998,573,1033
t7x7ydt3u1cd2svfvk4q,133,0.353,1.045,4.218,65,Class4,2.05,281,887,262
t8a5fgt3wo8w18amulu3,109,0.248,0.917,3.945,56,Class3,1.95,805,1143,1096
t8sflynjwck4f650mtvp,141,0.241,0.879,7.007,64,Class10,2.2,855,728,937
t8zrwu8iwkcdnwf3ruse,152,0.191,0.743,9.349,73,Class13,2.08,1136,525,1234
t9a891e0764br5ujna1a,151,0.238,0.881,3.742,70,Class4,2.16,879,540,868
ta1gbqs6pw15bx0jb5on,138,0.232,0.819,15.413,56,Class10,2.46,924,788,1052
tbypawuj167ycyvg8sc2,129,0.271,0.961,7.008,60,Class9,2.15,652,973,829
te17utf5x961ldgs8zwn,144,0.222,0.882,18.125,54,Class10,2.67,992,662,1077
tezxtgugzffgu5fxr0cz,149,0.302,1.047,4.805,62,Class14,2.4,475,573,370
th28zykgzvfex40v22hz,149,0.235,0.846,10.141,66,Class14,2.26,903,573,908
ti44fbogdeqbfflbizj7,129,0.341,1.132,6.992,59,Class9,2.19,322,973,397
tndsnutlm99ld8f4uya0,131,0.29,0.954,13.328,63,Class15,2.08,547,935,695
tp8x8dgd7d6dhpth8xni,126,0.198,0.754,14.849,61,Class6,2.07,1099,1010,1326
ttsjumez81r1ot6tfe7n,122,0.238,0.926,4.074,58,Class5,2.1,879,1056,1169
tuidsy7wcktf3jppecp5,158,0.253,0.981,11.646,56,Class7,2.82,769,451,703
tv0sptqq56ri3dpcd9nl,164,0.177,0.646,9.189,67,Class6,2.45,1189,401,1233
tvsgkf4oqh769h40lj43,154,0.234,0.909,3.675,69,Class4,2.23,910,499,889
twa56vh9h75mwaqdma1y,141,0.333,1.014,7.461,66,Class15,2.14,348,728,260
u2rchqp6tof1bkr07izf,125,0.28,0.952,7.656,55,Class7,2.27,600,1022,797
u968v341lom8drwdzqqj,143,0.168,0.65,4.056,54,Class5,2.65,1219,679,1319
u9owl1eky0jf8t3nc50o,151,0.166,0.695,15.927,67,Class6,2.25,1228,540,1304
ubi6gd21j9e9rw46hoz6,138,0.181,0.645,9.964,67,Class6,2.06,1175,788,1320
ucxxvfcovdwuokyswife,139,0.194,0.791,3.719,60,Class5,2.32,1119,771,1296
udbo68xozj9btqumivk2,133,0.331,0.955,15.88,67,Class11,1.99,355,887,389
uem908xkm2x04s4iu84k,132,0.227,0.894,12.758,58,Class8,2.28,958,910,1206
ugaiak78ggmnku4yndlt,133,0.271,0.97,4.008,66,Class2,2.02,652,887,795
uhky1uwx18u1e4nixzzf,143,0.203,0.853,3.738,61,Class5,2.34,1077,679,1255
uhthvh60xp911d47x7xm,140,0.193,0.757,9.643,71,Class6,1.97,1124,753,1294
uk8sadmdmw8p7e22l2yr,166,0.301,0.976,4.114,79,Class4,2.1,483,385,231
ulowmljtsh72z64haltq,136,0.176,0.706,3.699,62,Class5,2.19,1193,838,1332
uon3zzl9a1zr5zmeodmr,131,0.305,1.099,10.214,70,Class12,1.87,460,935,585
uvh2zil455wi0dcdan51,152,0.204,0.803,4.086,65,Class1,2.34,1071,525,1097
uy29im7a6hnc34lfp8ae,144,0.278,0.833,3.597,66,Class4,2.18,611,662,645
uzk23hynw87co5ru0tr8,163,0.276,1.141,18.896,69,Class12,2.36,627,407,491
v4k20n9xryqdpe6fx42x,137,0.321,1.234,9.934,66,Class12,2.08,395,813,413
vbgs2hp7aiiw880dpm1s,142,0.366,1.289,15.979,74,Class12,1.92,256,699,49
vcw0s2e0akak8rqunatk,140,0.243,0.9,18.55,63,Class14,2.22,843,753,935
vd2j77wynysztt2wbv2v,122,0.27,0.852,10.492,57,Class9,2.14,660,1056,874
vhlntoniujqiclub2juy,130,0.231,0.885,3.646,64,Class1,2.03,928,954,1184
votyzmo33yg7y89dag17,132,0.189,0.75,16.114,53,Class10,2.49,1147,910,1328
vou4hlfvp8hv0r4odzq6,136,0.309,1.037,12.868,58,Class10,2.34,447,838,501
vqz1prz6hwnqepxsieip,134,0.276,0.933,3.619,66,Class3,2.03,627,872,751
vrdxefyyyx3tkticfqnv,150,0.24,0.993,3.773,64,Class2,2.34,865,556,857
vrx3ianblcyuixzmhzl2,152,0.211,0.724,15.599,60,Class10,2.53,1036,525,1051
vwyziyyebvsje4dqjsrp,125,0.312,1.096,3.632,21,Class8,5.95,429,1022,597
vzdurh8f0rfus5h4bde2,139,0.223,0.863,3.899,61,Class5,2.28,984,771,1142
w0u7vzowm7eimiupvmm3,146,0.226,0.925,15.342,66,Class10,2.21,963,627,1014
w1uwjc89gv68yxkutpoe,143,0.189,0.706,4.0,67,Class4,2.13,1147,679,1293
w9r5wihhl33fmutbq5qd,150,0.293,0.9,6.427,77,Class11,1.95,530,556,442
wbdvbdebq64ujpi9u7mn,134,0.299,0.963,3.963,61,Class3,2.2,493,872,594
wf7yq9n2spgto3w5ad9r,139,0.216,0.906,12.626,59,Class7,2.36,1022,771,1211
wfsgbko6rfmajn85khu4,124,0.29,1.04,5.032,56,Class12,2.21,547,1034,737
whzjoeh34i7o86p37u99,141,0.348,1.085,9.603,73,Class15,1.93,294,728,138
wi36b9plgjc82atx6z7h,125,0.256,0.896,16.344,62,Class15,2.02,752,1022,962
wj1gt5zvzfnjf7xcf1c8,133,0.263,0.91,4.113,71,Class11,1.87,711,887,846
wmep7eexur6wwrlrz9sv,121,0.264,1.025,10.81,53,Class14,2.28,709,1070,939
wmes720kojsggeq71m5y,151,0.245,0.861,14.351,65,Class9,2.32,836,540,826
woxwsoo99kl7vq4mk0rr,134,0.299,0.858,15.739,67,Class11,2.0,493,872,594
wty9xgte39cr5rp39e50,156,0.192,0.769,15.282,80,Class13,1.95,1131,480,1183
wu3cwt7cavxrllp6s123,146,0.233,0.959,15.185,52,Class7,2.81,918,627,956
wwh529n48kyjq1xe9h46,114,0.263,0.956,4.215,60,Class1,1.9,711,1127,966
wxgj9kdmdrmullrthnso,146,0.288,0.911,3.966,62,Class3,2.35,560,627,527
wyhkcaf32y8h3707qzrz,138,0.217,0.906,18.638,64,Class10,2.16,1015,788,1213
wzfry2domlqnblox9w1b,134,0.187,0.754,16.112,70,Class13,1.91,1153,872,1323
x7xh8m5fvmipvkav1cb4,149,0.215,0.799,13.899,71,Class8,2.1,1024,573,1062
x8hldszj3z40bgxl4mci,163,0.319,1.104,4.393,61,Class2,2.67,403,407,70
x8hocidvl3emcmrhw2f8,145,0.234,0.793,4.228,58,Class5,2.5,910,644,955
x9xz7kb08kmf1tytnc1f,136,0.228,0.904,7.426,66,Class14,2.06,949,838,1122
xf5q0ixkpbxl3w7k16qo,130,0.262,0.938,10.177,62,Class15,2.1,719,954,891
xgvqpyg5mro3wihwngur,160,0.194,0.8,19.644,73,Class6,2.19,1119,431,1111
xh8a7nmtz192pknhec33,105,0.238,0.762,3.571,57,Class1,1.84,879,1162,1263
xlp4p1b56hrhhyr2y3kd,135,0.185,0.674,3.919,72,Class8,1.88,1159,857,1322
xnvmb8uox3576k142awg,133,0.113,0.541,10.038,67,Class6,1.99,1323,887,1357
xsxczvs8iluovs3pt5q7,133,0.211,0.789,3.827,67,Class4,1.99,1036,887,1287
xvfa4ysm4deeobu8wkym,152,0.257,0.98,17.645,71,Class13,2.14,745,525,716
xw0r5n17yfqv2va40bhi,143,0.21,0.664,9.329,71,Class8,2.01,1041,679,1171
xy7cro773yqyoblucwkp,134,0.276,0.978,4.09,64,Class2,2.09,627,872,751
xz7x7kwsn26marn29mag,144,0.278,0.951,6.653,61,Class10,2.36,611,662,645
y0bdtutppfdzzttzq8dy,132,0.295,0.947,3.992,61,Class9,2.16,517,910,655
yb4sqfrwu788fa6y4zeb,129,0.178,0.643,3.775,64,Class3,2.02,1184,973,1347
yesnbayr80dvsb8ajp9v,158,0.297,0.981,14.152,75,Class11,2.11,506,451,332
ygc6nfsry40yon3nicac,142,0.254,0.88,7.12,64,Class14,2.22,761,699,816
ygoahstwe9gz9w87qncs,137,0.175,0.693,11.956,69,Class8,1.99,1204,813,1334
yj708ceb2o5gueez45or,147,0.293,1.061,9.864,76,Class13,1.93,530,610,478
ymb5gxf0fi27kpj2f101,129,0.287,0.884,3.705,59,Class3,2.19,566,973,734
yums89f0epz009xrrwrf,125,0.24,0.864,4.176,57,Class5,2.19,865,1022,1110
yvyud23n1eara086vntf,140,0.236,0.857,23.629,59,Class10,2.37,896,753,999
yyz9rmyzzdp52h0glddp,150,0.253,1.093,4.28,62,Class2,2.42,769,556,762
z0mde15metn3m79ek96y,132,0.295,0.924,6.811,63,Class11,2.1,517,910,655
z0ti2nr5nh9fpad7wntt,129,0.318,1.031,3.721,51,Class3,2.53,408,973,521
z23fh1v40p3hmxxspbo9,132,0.258,0.902,7.348,67,Class13,1.97,738,910,892
z9q10sbk27qpuvatlkuw,138,0.13,0.587,4.065,58,Class5,2.38,1302,788,1350
zc7xkcpo969z98kh6bg8,186,0.247,0.839,3.946,65,Class4,2.86,817,318,699
zeuj2ypen39p38d4m3oj,151,0.146,0.57,3.808,59,Class1,2.56,1265,540,1316
zeuj820acn6zhcbx617v,151,0.258,0.894,3.735,64,Class4,2.36,738,540,714
zhx5rxgopln1p5hd10ql,136,0.235,0.853,16.037,64,Class15,2.12,903,838,1055
zlaig56ve06t7jruk2mr,142,0.268,0.972,4.528,65,Class1,2.18,672,699,722
zon2ut7eqwqd7i86etaw,138,0.268,0.877,3.536,60,Class3,2.3,672,788,771
zoo8a9uj8a0dplifqzdp,149,0.336,1.047,9.074,73,Class15,2.04,333,573,72
zprxec1qxs8nqsmc5830,157,0.318,1.172,7.102,69,Class12,2.28,408,465,144
zq3xohaut5o9dbd9064z,147,0.184,0.646,6.844,69,Class6,2.13,1162,610,1290
zse4s5wowlo5xntqyqb4,156,0.327,1.16,14.404,61,Class10,2.56,374,480,73
zuw35j06tzftt6oon4c5,159,0.239,0.799,12.107,69,Class6,2.3,870,436,813
zyfp520tbnq5p2pvrkin,143,0.322,1.154,3.916,69,Class2,2.07,392,679,304
zylvq01zq0hxavbvsd2f,158,0.253,0.88,8.386,60,Class9,2.63,769,451,703
